player,player_id,team,opponent,start_date,end_date,venue,match_type,is_captain,is_player_of_match,runs_scored,balls_faced,outs,fours,sixes,runs_conceded,balls_bowled,wickets,catches,stumpings,runouts,wickets_taken_players,dismissed_by,wicket_type,runs_powerplay,fours_powerplay,sixes_powerplay,wickets_powerplay,runs_middle,fours_middle,sixes_middle,wickets_middle,runs_death,fours_death,sixes_death,wickets_death,win,win_by_run,win_by_wickets,maidens,gender,batting_average,batting_strike_rate,bowling_average,bowling_strike_rate,bowling_economy,values,ai_alerts
P Nissanka,8ee36b18,Sri Lanka,West Indies,2024-10-26,2024-10-26,Pallekele International Cricket Stadium,ODI,False,False,56,62,1,8,1,0,0,0,0,0,0,none,['AS Joseph'],['run out'],25,5,0,0,31,3,1,0,0,0,0,0,-1,0,0,0,True,56.0,90.32258064516128,0.0,0.0,0.0,"{""strike_rate"": [57.00679016113281], ""economy"": [1.705848217010498], ""score"": 21.60557299843014, ""floor_value"": -1.2169614247257243, ""ceil_value"": 90.37224092783131, ""batting_first_original_score"": [73, 64, 70], ""batting_first_predicted_score"": [17.556116104125977, 17.556116104125977, 22.63711929321289, 22.63711929321289], ""chasing_first_original_score"": [73, 64, 70], ""chasing_first_predicted_score"": [15.559163093566895, 14.569931983947754, 17.41104507446289, 17.41104507446289], ""points"": 42, ""rank"": 1.0, ""y_actual"": [234, 42, 29, 13, 73, 64], ""y_pred"": [81.89289855957031, 81.49162292480469, 83.13745880126953, 34.171226501464844, 34.62691879272461, 34.067420959472656], ""mod_player_id"": [{""mod_id"": 6256, ""player_id"": ""8ee36b18""}, {""mod_id"": 6544, ""player_id"": ""9550470d""}, {""mod_id"": 4059, ""player_id"": ""5d1e7582""}, {""mod_id"": 5058, ""player_id"": ""732c038e""}, {""mod_id"": 384, ""player_id"": ""08548b13""}, {""mod_id"": 6795, ""player_id"": ""9ab2914d""}, {""mod_id"": 5790, ""player_id"": ""84212ffb""}, {""mod_id"": 7449, ""player_id"": ""a97c8ec2""}, {""mod_id"": 10598, ""player_id"": ""f24c6701""}, {""mod_id"": 9736, ""player_id"": ""de3d549a""}, {""mod_id"": 9745, ""player_id"": ""de7d833e""}, {""mod_id"": 5619, ""player_id"": ""7fca84b7""}, {""mod_id"": 618, ""player_id"": ""0ebfb1ad""}, {""mod_id"": 1322, ""player_id"": ""1fc6ef83""}, {""mod_id"": 9130, ""player_id"": ""d014d5ac""}, {""mod_id"": 4195, ""player_id"": ""6020a3c6""}, {""mod_id"": 7776, ""player_id"": ""b0946605""}, {""mod_id"": 4673, ""player_id"": ""6b0db726""}, {""mod_id"": 6653, ""player_id"": ""97bdec3d""}, {""mod_id"": 5779, ""player_id"": ""83d17bbc""}, {""mod_id"": 2790, ""player_id"": ""3feda4fa""}, {""mod_id"": 9763, ""player_id"": ""ded9ff1e""}], ""date_of_match"": ""2024-10-26 00:00:00"", ""temp"": 471.14013290405273, ""risk"": 45, ""venue"": ""Pallekele International Cricket Stadium""}","{""final_rating"": 1.6365675640908937, ""insights"": [""Headline: Pathum Nissanka 2.0 - Quiet, disciplined, and just a little greedy\nSentiment: -0.95, Relevance: 2.56\n"", ""Headline: Nissanka 89 cuts down SL deficit after Verreynne 105*\nSentiment: -0.73, Relevance: 2.53\n"", ""Headline: Sri Lanka's signs of batting resurgence 'good headache' for Asalanka\nSentiment: -0.95, Relevance: 1.65\n"", ""Headline: Kusal Mendis and Kusal Perera fifties power SL to series win\nSentiment: 1.00, Relevance: 2.38\n"", ""Headline: New Zealand caught short as Sri Lanka take fielding to a new dimension\nSentiment: 0.99, Relevance: 1.57\n""]}"
WIA Fernando,9550470d,Sri Lanka,West Indies,2024-10-26,2024-10-26,Pallekele International Cricket Stadium,ODI,False,False,34,51,1,4,1,0,0,0,1,0,0,none,['RL Chase'],['caught and bowled'],19,4,0,0,15,0,1,0,0,0,0,0,-1,0,0,0,True,34.0,66.66666666666666,0.0,0.0,0.0,"{""strike_rate"": [58.13264083862305], ""economy"": [1.6097798347473145], ""score"": 34.91362126245847, ""floor_value"": -2.2374353415230814, ""ceil_value"": 73.98029248438023, ""batting_first_original_score"": [6, 10, 48], ""batting_first_predicted_score"": [22.596149444580078, 21.857990264892578, 21.857990264892578, 21.857990264892578], ""chasing_first_original_score"": [6, 10, 48], ""chasing_first_predicted_score"": [17.36559295654297, 16.93731117248535, 17.13727569580078, 17.13727569580078], ""points"": 42, ""rank"": 2.0, ""y_actual"": [-2, 1, 45, 113, 6, 10], ""y_pred"": [35.67784881591797, 42.836883544921875, 42.85340118408203, 42.78701400756836, 42.75688552856445, 42.53179168701172], ""mod_player_id"": [{""mod_id"": 6256, ""player_id"": ""8ee36b18""}, {""mod_id"": 6544, ""player_id"": ""9550470d""}, {""mod_id"": 4059, ""player_id"": ""5d1e7582""}, {""mod_id"": 5058, ""player_id"": ""732c038e""}, {""mod_id"": 384, ""player_id"": ""08548b13""}, {""mod_id"": 6795, ""player_id"": ""9ab2914d""}, {""mod_id"": 5790, ""player_id"": ""84212ffb""}, {""mod_id"": 7449, ""player_id"": ""a97c8ec2""}, {""mod_id"": 10598, ""player_id"": ""f24c6701""}, {""mod_id"": 9736, ""player_id"": ""de3d549a""}, {""mod_id"": 9745, ""player_id"": ""de7d833e""}, {""mod_id"": 5619, ""player_id"": ""7fca84b7""}, {""mod_id"": 618, ""player_id"": ""0ebfb1ad""}, {""mod_id"": 1322, ""player_id"": ""1fc6ef83""}, {""mod_id"": 9130, ""player_id"": ""d014d5ac""}, {""mod_id"": 4195, ""player_id"": ""6020a3c6""}, {""mod_id"": 7776, ""player_id"": ""b0946605""}, {""mod_id"": 4673, ""player_id"": ""6b0db726""}, {""mod_id"": 6653, ""player_id"": ""97bdec3d""}, {""mod_id"": 5779, ""player_id"": ""83d17bbc""}, {""mod_id"": 2790, ""player_id"": ""3feda4fa""}, {""mod_id"": 9763, ""player_id"": ""ded9ff1e""}], ""date_of_match"": ""2024-10-26 00:00:00"", ""temp"": 471.14013290405273, ""risk"": 38, ""venue"": ""Pallekele International Cricket Stadium""}","{""final_rating"": 1.6458168952302945, ""insights"": [""Headline: Whisper it, but Sri Lanka may be turning a corner in ODIs\nSentiment: -0.93, Relevance: 1.76\n"", ""Headline: Sri Lanka's signs of batting resurgence 'good headache' for Asalanka\nSentiment: -0.95, Relevance: 1.70\n"", ""Headline: Rohit up to No. 2 in ODI batting rankings behind Babar\nSentiment: 1.00, Relevance: 1.35\n"", ""Headline: Asalanka: Top-order contributions a sign of us maturing\nSentiment: 1.00, Relevance: 2.34\n"", ""Headline: Wellalage five-for sends India crashing to 2-0 defeat\nSentiment: -1.00, Relevance: 1.52\n""]}"
BKG Mendis,5d1e7582,Sri Lanka,West Indies,2024-10-26,2024-10-26,Pallekele International Cricket Stadium,ODI,False,False,56,22,0,9,1,0,0,0,0,0,0,none,[],[],0,0,0,0,56,9,1,0,0,0,0,0,-1,0,0,0,True,56.0,254.54545454545453,0.0,0.0,0.0,"{""strike_rate"": [62.934364318847656], ""economy"": [1.7838661670684814], ""score"": 20.794146629877808, ""floor_value"": 4.335591109084788, ""ceil_value"": 99.31182530428907, ""batting_first_original_score"": [28, 3, 77], ""batting_first_predicted_score"": [23.246421813964844, 22.93830108642578, 22.93830108642578, 22.93830108642578], ""chasing_first_original_score"": [28, 3, 77], ""chasing_first_predicted_score"": [17.301729202270508, 17.04079246520996, 17.24075698852539, 17.24075698852539], ""points"": 42, ""rank"": 3.0, ""y_actual"": [138, 30, 50, 101, 28, 3], ""y_pred"": [83.44315338134766, 33.43870162963867, 33.969329833984375, 33.40983200073242, 41.96192932128906, 41.75595474243164], ""mod_player_id"": [{""mod_id"": 6256, ""player_id"": ""8ee36b18""}, {""mod_id"": 6544, ""player_id"": ""9550470d""}, {""mod_id"": 4059, ""player_id"": ""5d1e7582""}, {""mod_id"": 5058, ""player_id"": ""732c038e""}, {""mod_id"": 384, ""player_id"": ""08548b13""}, {""mod_id"": 6795, ""player_id"": ""9ab2914d""}, {""mod_id"": 5790, ""player_id"": ""84212ffb""}, {""mod_id"": 7449, ""player_id"": ""a97c8ec2""}, {""mod_id"": 10598, ""player_id"": ""f24c6701""}, {""mod_id"": 9736, ""player_id"": ""de3d549a""}, {""mod_id"": 9745, ""player_id"": ""de7d833e""}, {""mod_id"": 5619, ""player_id"": ""7fca84b7""}, {""mod_id"": 618, ""player_id"": ""0ebfb1ad""}, {""mod_id"": 1322, ""player_id"": ""1fc6ef83""}, {""mod_id"": 9130, ""player_id"": ""d014d5ac""}, {""mod_id"": 4195, ""player_id"": ""6020a3c6""}, {""mod_id"": 7776, ""player_id"": ""b0946605""}, {""mod_id"": 4673, ""player_id"": ""6b0db726""}, {""mod_id"": 6653, ""player_id"": ""97bdec3d""}, {""mod_id"": 5779, ""player_id"": ""83d17bbc""}, {""mod_id"": 2790, ""player_id"": ""3feda4fa""}, {""mod_id"": 9763, ""player_id"": ""ded9ff1e""}], ""date_of_match"": ""2024-10-26 00:00:00"", ""temp"": 471.14013290405273, ""risk"": 47, ""venue"": ""Pallekele International Cricket Stadium""}","{""final_rating"": 1.783417002976807, ""insights"": [""Headline: Dhananjaya de Silva-Kusal Mendis stand gives Sri Lanka outside chance\nSentiment: 0.99, Relevance: 2.35\n"", ""Headline: Sri Lanka show up with the bat, but there's no forgiving 42 all out\nSentiment: -0.97, Relevance: 1.57\n"", ""Headline: Kusal Mendis, spinners seal series win for Sri Lanka\nSentiment: 1.00, Relevance: 2.18\n"", ""Headline: Kusal Mendis credits bowlers for getting the job done in rain-hit game\nSentiment: 0.99, Relevance: 2.47\n"", ""Headline: Kusal Mendis 143 and Avishka Fernando 100 put Sri Lanka 1-0 up\nSentiment: 1.00, Relevance: 1.92\n""]}"
KIC Asalanka,732c038e,Sri Lanka,West Indies,2024-10-26,2024-10-26,Pallekele International Cricket Stadium,ODI,False,False,6,3,1,0,1,19,12,0,0,0,0,none,['SE Rutherford'],['caught'],0,0,0,0,6,0,1,0,0,0,0,0,-1,0,0,0,True,6.0,200.0,0.0,0.0,0.0,"{""strike_rate"": [61.6904182434082], ""economy"": [0.884135365486145], ""score"": 35.00027808676307, ""floor_value"": -0.7845627282005694, ""ceil_value"": 72.17637559369764, ""batting_first_original_score"": [122, 77, 8], ""batting_first_predicted_score"": [22.376787185668945, 22.068666458129883, 22.068666458129883, 22.068666458129883], ""chasing_first_original_score"": [122, 77, 8], ""chasing_first_predicted_score"": [17.410789489746094, 17.149852752685547, 17.349817276000977, 17.349817276000977], ""points"": 42, ""rank"": 4.0, ""y_actual"": [16, 80, 67, 23, 122, 77], ""y_pred"": [42.29909133911133, 32.17253494262695, 32.684043884277344, 32.12454605102539, 42.26896286010742, 42.04386901855469], ""mod_player_id"": [{""mod_id"": 6256, ""player_id"": ""8ee36b18""}, {""mod_id"": 6544, ""player_id"": ""9550470d""}, {""mod_id"": 4059, ""player_id"": ""5d1e7582""}, {""mod_id"": 5058, ""player_id"": ""732c038e""}, {""mod_id"": 384, ""player_id"": ""08548b13""}, {""mod_id"": 6795, ""player_id"": ""9ab2914d""}, {""mod_id"": 5790, ""player_id"": ""84212ffb""}, {""mod_id"": 7449, ""player_id"": ""a97c8ec2""}, {""mod_id"": 10598, ""player_id"": ""f24c6701""}, {""mod_id"": 9736, ""player_id"": ""de3d549a""}, {""mod_id"": 9745, ""player_id"": ""de7d833e""}, {""mod_id"": 5619, ""player_id"": ""7fca84b7""}, {""mod_id"": 618, ""player_id"": ""0ebfb1ad""}, {""mod_id"": 1322, ""player_id"": ""1fc6ef83""}, {""mod_id"": 9130, ""player_id"": ""d014d5ac""}, {""mod_id"": 4195, ""player_id"": ""6020a3c6""}, {""mod_id"": 7776, ""player_id"": ""b0946605""}, {""mod_id"": 4673, ""player_id"": ""6b0db726""}, {""mod_id"": 6653, ""player_id"": ""97bdec3d""}, {""mod_id"": 5779, ""player_id"": ""83d17bbc""}, {""mod_id"": 2790, ""player_id"": ""3feda4fa""}, {""mod_id"": 9763, ""player_id"": ""ded9ff1e""}], ""date_of_match"": ""2024-10-26 00:00:00"", ""temp"": 471.14013290405273, ""risk"": 36, ""venue"": ""Pallekele International Cricket Stadium""}","{""final_rating"": 1.774059281623496, ""insights"": [""Headline: Whisper it, but Sri Lanka may be turning a corner in ODIs\nSentiment: -0.93, Relevance: 2.34\n"", ""Headline: Kusal Mendis credits bowlers for getting the job done in rain-hit game\nSentiment: 0.99, Relevance: 2.74\n"", ""Headline: Kusal Mendis 143 and Avishka Fernando 100 put Sri Lanka 1-0 up\nSentiment: 1.00, Relevance: 2.18\n"", ""Headline: Asalanka, bowlers help SL brush NZ aside for 1-0 lead\nSentiment: 0.98, Relevance: 2.70\n"", ""Headline: Asalanka on SL's form: 'Goal is to climb to top three in the rankings'\nSentiment: 0.99, Relevance: 3.05\n""]}"
PHKD Mendis,08548b13,Sri Lanka,West Indies,2024-10-26,2024-10-26,Pallekele International Cricket Stadium,ODI,False,False,0,1,0,0,0,14,12,0,1,0,0,none,[],[],0,0,0,0,0,0,0,0,0,0,0,0,-1,0,0,0,True,0.0,0.0,0.0,0.0,0.0,"{""strike_rate"": [53.84961700439453], ""economy"": [2.0870375633239746], ""score"": 32.92664359861592, ""floor_value"": -6.6163093875547645, ""ceil_value"": 99.77015554140092, ""batting_first_original_score"": [41, 11, 5], ""batting_first_predicted_score"": [22.205249786376953, 23.469480514526367, 22.205249786376953, 22.205249786376953], ""chasing_first_original_score"": [41, 11, 5], ""chasing_first_predicted_score"": [14.099488258361816, 14.136813163757324, 14.404802322387695, 14.404802322387695], ""points"": 42, ""rank"": 5.0, ""y_actual"": [214, 95, 40, 23, 41, 11], ""y_pred"": [113.33776092529297, 33.902347564697266, 34.04308319091797, 33.4934196472168, 39.79080581665039, 39.12850570678711], ""mod_player_id"": [{""mod_id"": 6256, ""player_id"": ""8ee36b18""}, {""mod_id"": 6544, ""player_id"": ""9550470d""}, {""mod_id"": 4059, ""player_id"": ""5d1e7582""}, {""mod_id"": 5058, ""player_id"": ""732c038e""}, {""mod_id"": 384, ""player_id"": ""08548b13""}, {""mod_id"": 6795, ""player_id"": ""9ab2914d""}, {""mod_id"": 5790, ""player_id"": ""84212ffb""}, {""mod_id"": 7449, ""player_id"": ""a97c8ec2""}, {""mod_id"": 10598, ""player_id"": ""f24c6701""}, {""mod_id"": 9736, ""player_id"": ""de3d549a""}, {""mod_id"": 9745, ""player_id"": ""de7d833e""}, {""mod_id"": 5619, ""player_id"": ""7fca84b7""}, {""mod_id"": 618, ""player_id"": ""0ebfb1ad""}, {""mod_id"": 1322, ""player_id"": ""1fc6ef83""}, {""mod_id"": 9130, ""player_id"": ""d014d5ac""}, {""mod_id"": 4195, ""player_id"": ""6020a3c6""}, {""mod_id"": 7776, ""player_id"": ""b0946605""}, {""mod_id"": 4673, ""player_id"": ""6b0db726""}, {""mod_id"": 6653, ""player_id"": ""97bdec3d""}, {""mod_id"": 5779, ""player_id"": ""83d17bbc""}, {""mod_id"": 2790, ""player_id"": ""3feda4fa""}, {""mod_id"": 9763, ""player_id"": ""ded9ff1e""}], ""date_of_match"": ""2024-10-26 00:00:00"", ""temp"": 471.14013290405273, ""risk"": 53, ""venue"": ""Pallekele International Cricket Stadium""}","{""final_rating"": 1.739117262171825, ""insights"": [""Headline: Brook rises to No. 2 in Test batting rankings, closes gap with table-topper Root\nSentiment: 1.00, Relevance: 1.89\n"", ""Headline: Sri Lanka's batting vs South Africa's bowling in the race to WTC final\nSentiment: 0.92, Relevance: 2.27\n"", ""Headline: West Indies go 1-0 up after Lewis, King outshine Kamindu, Asalanka\nSentiment: 1.00, Relevance: 2.22\n"", ""Headline: Bumrah back at No. 1 in Test bowling rankings\nSentiment: 0.61, Relevance: 2.32\n"", ""Headline: Is Kamindu Mendis the fastest to 1000 Test runs?\nSentiment: -0.98, Relevance: 2.70\n""]}"
S Samarawickrama,9ab2914d,Sri Lanka,West Indies,2024-10-26,2024-10-26,Pallekele International Cricket Stadium,ODI,False,False,0,0,0,0,0,0,0,0,0,0,0,none,[],[],0,0,0,0,0,0,0,0,0,0,0,0,-1,0,0,0,True,0.0,0.0,0.0,0.0,0.0,"{""strike_rate"": [62.35893630981445], ""economy"": [1.8828082084655762], ""score"": 49.73936170212766, ""floor_value"": 0.44547846379865774, ""ceil_value"": 68.14499772667753, ""batting_first_original_score"": [21, 44, -3], ""batting_first_predicted_score"": [23.358043670654297, 23.049922943115234, 23.049922943115234, 23.049922943115234], ""chasing_first_original_score"": [21, 44, -3], ""chasing_first_predicted_score"": [17.7189998626709, 17.38474464416504, 17.58470916748047, 17.58470916748047], ""points"": 42, ""rank"": 6.0, ""y_actual"": [87, 8, 13, -3, 21, 44], ""y_pred"": [35.5750617980957, 42.836883544921875, 42.85340118408203, 42.78701400756836, 42.75688552856445, 42.53179168701172], ""mod_player_id"": [{""mod_id"": 6256, ""player_id"": ""8ee36b18""}, {""mod_id"": 6544, ""player_id"": ""9550470d""}, {""mod_id"": 4059, ""player_id"": ""5d1e7582""}, {""mod_id"": 5058, ""player_id"": ""732c038e""}, {""mod_id"": 384, ""player_id"": ""08548b13""}, {""mod_id"": 6795, ""player_id"": ""9ab2914d""}, {""mod_id"": 5790, ""player_id"": ""84212ffb""}, {""mod_id"": 7449, ""player_id"": ""a97c8ec2""}, {""mod_id"": 10598, ""player_id"": ""f24c6701""}, {""mod_id"": 9736, ""player_id"": ""de3d549a""}, {""mod_id"": 9745, ""player_id"": ""de7d833e""}, {""mod_id"": 5619, ""player_id"": ""7fca84b7""}, {""mod_id"": 618, ""player_id"": ""0ebfb1ad""}, {""mod_id"": 1322, ""player_id"": ""1fc6ef83""}, {""mod_id"": 9130, ""player_id"": ""d014d5ac""}, {""mod_id"": 4195, ""player_id"": ""6020a3c6""}, {""mod_id"": 7776, ""player_id"": ""b0946605""}, {""mod_id"": 4673, ""player_id"": ""6b0db726""}, {""mod_id"": 6653, ""player_id"": ""97bdec3d""}, {""mod_id"": 5779, ""player_id"": ""83d17bbc""}, {""mod_id"": 2790, ""player_id"": ""3feda4fa""}, {""mod_id"": 9763, ""player_id"": ""ded9ff1e""}], ""date_of_match"": ""2024-10-26 00:00:00"", ""temp"": 471.14013290405273, ""risk"": 33, ""venue"": ""Pallekele International Cricket Stadium""}","{""final_rating"": 1.831943005143292, ""insights"": [""Headline: Sri Lanka survive Jaker Ali scare to seal thriller and go 1-0 up\nSentiment: 1.00, Relevance: 1.85\n"", ""Headline: Mathews, bowlers rout Afghanistan to seal T20I series for Sri Lanka\nSentiment: 1.00, Relevance: 2.29\n"", ""Headline: Asalanka, Hasaranga flatten Afghanistan to seal series for Sri Lanka\nSentiment: 0.98, Relevance: 2.14\n"", ""Headline: Samarawickrama - Doing it with style, doing it with substance\nSentiment: 1.00, Relevance: 3.16\n"", ""Headline: ODI World Cup digest: South Africa dominate England; Sri Lanka beat Netherlands\nSentiment: 0.98, Relevance: 2.22\n""]}"
J Liyanage,84212ffb,Sri Lanka,West Indies,2024-10-26,2024-10-26,Pallekele International Cricket Stadium,ODI,False,False,0,0,0,0,0,9,6,0,0,0,0,none,[],[],0,0,0,0,0,0,0,0,0,0,0,0,-1,0,0,0,True,0.0,0.0,0.0,0.0,0.0,"{""strike_rate"": [59.11164093017578], ""economy"": [1.5086711645126343], ""score"": 31.630769230769232, ""floor_value"": -7.026396972119251, ""ceil_value"": 63.02639697211925, ""batting_first_original_score"": [21, 28, -3], ""batting_first_predicted_score"": [22.237815856933594, 21.92969512939453, 21.92969512939453, 21.92969512939453], ""chasing_first_original_score"": [21, 28, -3], ""chasing_first_predicted_score"": [18.541860580444336, 18.11357879638672, 18.31354331970215, 18.31354331970215], ""points"": 42, ""rank"": 7.0, ""y_actual"": [14, 23, 10, 9, 21, 28], ""y_pred"": [34.66976547241211, 42.26103973388672, 42.22174072265625, 42.2111701965332, 42.1810417175293, 41.95594787597656], ""mod_player_id"": [{""mod_id"": 6256, ""player_id"": ""8ee36b18""}, {""mod_id"": 6544, ""player_id"": ""9550470d""}, {""mod_id"": 4059, ""player_id"": ""5d1e7582""}, {""mod_id"": 5058, ""player_id"": ""732c038e""}, {""mod_id"": 384, ""player_id"": ""08548b13""}, {""mod_id"": 6795, ""player_id"": ""9ab2914d""}, {""mod_id"": 5790, ""player_id"": ""84212ffb""}, {""mod_id"": 7449, ""player_id"": ""a97c8ec2""}, {""mod_id"": 10598, ""player_id"": ""f24c6701""}, {""mod_id"": 9736, ""player_id"": ""de3d549a""}, {""mod_id"": 9745, ""player_id"": ""de7d833e""}, {""mod_id"": 5619, ""player_id"": ""7fca84b7""}, {""mod_id"": 618, ""player_id"": ""0ebfb1ad""}, {""mod_id"": 1322, ""player_id"": ""1fc6ef83""}, {""mod_id"": 9130, ""player_id"": ""d014d5ac""}, {""mod_id"": 4195, ""player_id"": ""6020a3c6""}, {""mod_id"": 7776, ""player_id"": ""b0946605""}, {""mod_id"": 4673, ""player_id"": ""6b0db726""}, {""mod_id"": 6653, ""player_id"": ""97bdec3d""}, {""mod_id"": 5779, ""player_id"": ""83d17bbc""}, {""mod_id"": 2790, ""player_id"": ""3feda4fa""}, {""mod_id"": 9763, ""player_id"": ""ded9ff1e""}], ""date_of_match"": ""2024-10-26 00:00:00"", ""temp"": 471.14013290405273, ""risk"": 35, ""venue"": ""Pallekele International Cricket Stadium""}","{""final_rating"": 1.7763652850697862, ""insights"": [""Headline: Spin-heavy SL confident of success at T20 World Cup\nSentiment: -0.95, Relevance: 1.79\n"", ""Headline: Tanzid 84, Rishad blitz seal series for Bangladesh\nSentiment: 0.94, Relevance: 2.45\n"", ""Headline: Liyanage: 'We never expected there to be so much dew'\nSentiment: 0.96, Relevance: 2.55\n"", ""Headline: Shanto, Mushfiqur and bowlers headline Bangladesh's comfortable win\nSentiment: 1.00, Relevance: 1.80\n"", ""Headline: Asalanka, Hasaranga flatten Afghanistan to seal series for Sri Lanka\nSentiment: 0.98, Relevance: 2.55\n""]}"
PWH de Silva,a97c8ec2,Sri Lanka,West Indies,2024-10-26,2024-10-26,Pallekele International Cricket Stadium,ODI,False,False,0,0,0,0,0,24,15,0,0,0,0,none,[],[],0,0,0,0,0,0,0,0,0,0,0,0,-1,0,0,0,True,0.0,0.0,0.0,0.0,0.0,"{""strike_rate"": [58.358314514160156], ""economy"": [2.106208562850952], ""score"": 32.80130565785068, ""floor_value"": 17.56766535851478, ""ceil_value"": 106.81860073590582, ""batting_first_original_score"": [51, 101, -3], ""batting_first_predicted_score"": [23.90595817565918, 23.597837448120117, 23.597837448120117, 23.597837448120117], ""chasing_first_original_score"": [51, 101, -3], ""chasing_first_predicted_score"": [18.712202072143555, 18.377946853637695, 18.577911376953125, 18.577911376953125], ""points"": 42, ""rank"": 8.0, ""y_actual"": [35, 32, 54, 50, 51, 101], ""y_pred"": [36.297115325927734, 36.528446197509766, 36.98413848876953, 36.42464065551758, 45.04363250732422, 44.818538665771484], ""mod_player_id"": [{""mod_id"": 6256, ""player_id"": ""8ee36b18""}, {""mod_id"": 6544, ""player_id"": ""9550470d""}, {""mod_id"": 4059, ""player_id"": ""5d1e7582""}, {""mod_id"": 5058, ""player_id"": ""732c038e""}, {""mod_id"": 384, ""player_id"": ""08548b13""}, {""mod_id"": 6795, ""player_id"": ""9ab2914d""}, {""mod_id"": 5790, ""player_id"": ""84212ffb""}, {""mod_id"": 7449, ""player_id"": ""a97c8ec2""}, {""mod_id"": 10598, ""player_id"": ""f24c6701""}, {""mod_id"": 9736, ""player_id"": ""de3d549a""}, {""mod_id"": 9745, ""player_id"": ""de7d833e""}, {""mod_id"": 5619, ""player_id"": ""7fca84b7""}, {""mod_id"": 618, ""player_id"": ""0ebfb1ad""}, {""mod_id"": 1322, ""player_id"": ""1fc6ef83""}, {""mod_id"": 9130, ""player_id"": ""d014d5ac""}, {""mod_id"": 4195, ""player_id"": ""6020a3c6""}, {""mod_id"": 7776, ""player_id"": ""b0946605""}, {""mod_id"": 4673, ""player_id"": ""6b0db726""}, {""mod_id"": 6653, ""player_id"": ""97bdec3d""}, {""mod_id"": 5779, ""player_id"": ""83d17bbc""}, {""mod_id"": 2790, ""player_id"": ""3feda4fa""}, {""mod_id"": 9763, ""player_id"": ""ded9ff1e""}], ""date_of_match"": ""2024-10-26 00:00:00"", ""temp"": 471.14013290405273, ""risk"": 44, ""venue"": ""Pallekele International Cricket Stadium""}","{""final_rating"": 1.7500828062443126, ""insights"": [""Headline: Afridi back as No. 1 ODI bowler, Hasaranga second in T20Is\nSentiment: 0.97, Relevance: 2.41\n"", ""Headline: Hasaranga ruled out of NZ ODIs with hamstring injury; Hemantha called up\nSentiment: 0.67, Relevance: 2.25\n"", ""Headline: Hasaranga and Theekshana spin West Indies out and seal Sri Lanka series win\nSentiment: 1.00, Relevance: 2.31\n"", ""Headline: Patriots bring in Hasaranga and Clarkson as reinforcements\nSentiment: 0.99, Relevance: 2.12\n"", ""Headline: CPL 2024: Nortje, Shamsi to replace Thushara, Hasaranga at Patriots\nSentiment: -0.91, Relevance: 2.62\n""]}"
M Theekshana,f24c6701,Sri Lanka,West Indies,2024-10-26,2024-10-26,Pallekele International Cricket Stadium,ODI,False,False,0,0,0,0,0,39,30,0,0,0,0,none,[],[],0,0,0,0,0,0,0,0,0,0,0,0,-1,0,0,0,True,0.0,0.0,0.0,0.0,0.0,"{""strike_rate"": [60.078880310058594], ""economy"": [1.5944887399673462], ""score"": 31.27669902912621, ""floor_value"": 5.031330722431186, ""ceil_value"": 72.12330845282654, ""batting_first_original_score"": [50, 88, 3], ""batting_first_predicted_score"": [17.097620010375977, 22.8768367767334, 22.8768367767334, 22.8768367767334], ""chasing_first_original_score"": [50, 88, 3], ""chasing_first_predicted_score"": [15.847901344299316, 17.881975173950195, 18.081939697265625, 18.081939697265625], ""points"": 42, ""rank"": 9.0, ""y_actual"": [23, 31, 30, 66, 50, 88], ""y_pred"": [30.95623779296875, 31.481027603149414, 33.55290603637695, 34.312103271484375, 33.52863311767578, 42.67289352416992], ""mod_player_id"": [{""mod_id"": 6256, ""player_id"": ""8ee36b18""}, {""mod_id"": 6544, ""player_id"": ""9550470d""}, {""mod_id"": 4059, ""player_id"": ""5d1e7582""}, {""mod_id"": 5058, ""player_id"": ""732c038e""}, {""mod_id"": 384, ""player_id"": ""08548b13""}, {""mod_id"": 6795, ""player_id"": ""9ab2914d""}, {""mod_id"": 5790, ""player_id"": ""84212ffb""}, {""mod_id"": 7449, ""player_id"": ""a97c8ec2""}, {""mod_id"": 10598, ""player_id"": ""f24c6701""}, {""mod_id"": 9736, ""player_id"": ""de3d549a""}, {""mod_id"": 9745, ""player_id"": ""de7d833e""}, {""mod_id"": 5619, ""player_id"": ""7fca84b7""}, {""mod_id"": 618, ""player_id"": ""0ebfb1ad""}, {""mod_id"": 1322, ""player_id"": ""1fc6ef83""}, {""mod_id"": 9130, ""player_id"": ""d014d5ac""}, {""mod_id"": 4195, ""player_id"": ""6020a3c6""}, {""mod_id"": 7776, ""player_id"": ""b0946605""}, {""mod_id"": 4673, ""player_id"": ""6b0db726""}, {""mod_id"": 6653, ""player_id"": ""97bdec3d""}, {""mod_id"": 5779, ""player_id"": ""83d17bbc""}, {""mod_id"": 2790, ""player_id"": ""3feda4fa""}, {""mod_id"": 9763, ""player_id"": ""ded9ff1e""}], ""date_of_match"": ""2024-10-26 00:00:00"", ""temp"": 471.14013290405273, ""risk"": 33, ""venue"": ""Pallekele International Cricket Stadium""}","{""final_rating"": 1.7671073083358124, ""insights"": [""Headline: Hardik back as No. 1 allrounder in T20Is, Tilak No. 3 among batters\nSentiment: 0.81, Relevance: 1.86\n"", ""Headline: Whisper it, but Sri Lanka may be turning a corner in ODIs\nSentiment: -0.93, Relevance: 1.86\n"", ""Headline: Kusal Mendis, spinners seal series win for Sri Lanka\nSentiment: 1.00, Relevance: 2.04\n"", ""Headline: Kusal Mendis credits bowlers for getting the job done in rain-hit game\nSentiment: 0.99, Relevance: 2.31\n"", ""Headline: Kusal Mendis 143 and Avishka Fernando 100 put Sri Lanka 1-0 up\nSentiment: 1.00, Relevance: 1.96\n""]}"
AM Fernando,de3d549a,Sri Lanka,West Indies,2024-10-26,2024-10-26,Pallekele International Cricket Stadium,ODI,False,False,0,0,0,0,0,39,31,1,0,0,0,"BA King, caught",[],[],0,0,0,1,0,0,0,0,0,0,0,0,-1,0,0,0,True,0.0,0.0,39.0,31.0,7.548387096774194,"{""strike_rate"": [56.16221618652344], ""economy"": [2.149780750274658], ""score"": 45.22, ""floor_value"": -2.421291191043906, ""ceil_value"": 77.01778241911408, ""batting_first_original_score"": [-3, 72, 20], ""batting_first_predicted_score"": [22.918140411376953, 22.61001968383789, 22.61001968383789, 22.61001968383789], ""chasing_first_original_score"": [-3, 72, 20], ""chasing_first_predicted_score"": [18.049463272094727, 17.698158264160156, 17.898122787475586, 17.898122787475586], ""points"": 42, ""rank"": 10.0, ""y_actual"": [61, 12, 12, 4, -3, 72], ""y_pred"": [78.90167236328125, 78.50039672851562, 80.04756164550781, 32.71413040161133, 39.08251953125, 38.93695831298828], ""mod_player_id"": [{""mod_id"": 6256, ""player_id"": ""8ee36b18""}, {""mod_id"": 6544, ""player_id"": ""9550470d""}, {""mod_id"": 4059, ""player_id"": ""5d1e7582""}, {""mod_id"": 5058, ""player_id"": ""732c038e""}, {""mod_id"": 384, ""player_id"": ""08548b13""}, {""mod_id"": 6795, ""player_id"": ""9ab2914d""}, {""mod_id"": 5790, ""player_id"": ""84212ffb""}, {""mod_id"": 7449, ""player_id"": ""a97c8ec2""}, {""mod_id"": 10598, ""player_id"": ""f24c6701""}, {""mod_id"": 9736, ""player_id"": ""de3d549a""}, {""mod_id"": 9745, ""player_id"": ""de7d833e""}, {""mod_id"": 5619, ""player_id"": ""7fca84b7""}, {""mod_id"": 618, ""player_id"": ""0ebfb1ad""}, {""mod_id"": 1322, ""player_id"": ""1fc6ef83""}, {""mod_id"": 9130, ""player_id"": ""d014d5ac""}, {""mod_id"": 4195, ""player_id"": ""6020a3c6""}, {""mod_id"": 7776, ""player_id"": ""b0946605""}, {""mod_id"": 4673, ""player_id"": ""6b0db726""}, {""mod_id"": 6653, ""player_id"": ""97bdec3d""}, {""mod_id"": 5779, ""player_id"": ""83d17bbc""}, {""mod_id"": 2790, ""player_id"": ""3feda4fa""}, {""mod_id"": 9763, ""player_id"": ""ded9ff1e""}], ""date_of_match"": ""2024-10-26 00:00:00"", ""temp"": 471.14013290405273, ""risk"": 39, ""venue"": ""Pallekele International Cricket Stadium""}","{""final_rating"": 1.7133278247262256, ""insights"": [""Headline: Rickelton's maiden ton propels SA but Asitha, Kumara ensure opening day is evenly shared\nSentiment: 1.00, Relevance: 1.69\n"", ""Headline: Pace riches give Sri Lanka hope on Gqeberha greentop\nSentiment: 1.00, Relevance: 1.89\n"", ""Headline: Persistent rain allows only 20.4 overs on opening day\nSentiment: -0.90, Relevance: 1.41\n"", ""Headline: Hasaranga and Theekshana spin West Indies out and seal Sri Lanka series win\nSentiment: 1.00, Relevance: 1.30\n"", ""Headline: Oval 1998 or Oval 2024? Jayasuriya chooses between two great Test wins\nSentiment: -0.67, Relevance: 1.97\n""]}"
D Madushanka,de7d833e,Sri Lanka,West Indies,2024-10-26,2024-10-26,Pallekele International Cricket Stadium,ODI,False,False,0,0,0,0,0,52,30,1,0,0,0,"SD Hope, caught",[],[],0,0,0,0,0,0,0,1,0,0,0,0,-1,0,0,0,True,0.0,0.0,52.0,30.0,10.4,"{""strike_rate"": [56.16221618652344], ""economy"": [2.149780750274658], ""score"": 41.986, ""floor_value"": 4.350276254303168, ""ceil_value"": 67.47730995259339, ""batting_first_original_score"": [7, 17, 16], ""batting_first_predicted_score"": [17.446746826171875, 17.673233032226562, 22.61001968383789, 22.61001968383789], ""chasing_first_original_score"": [7, 17, 16], ""chasing_first_predicted_score"": [16.411823272705078, 15.290948867797852, 17.898122787475586, 17.898122787475586], ""points"": 42, ""rank"": 11.0, ""y_actual"": [4, 4, 31, 31, 7, 17], ""y_pred"": [35.54501724243164, 35.37784957885742, 35.90146255493164, 35.22190856933594, 36.205535888671875, 32.80880355834961], ""mod_player_id"": [{""mod_id"": 6256, ""player_id"": ""8ee36b18""}, {""mod_id"": 6544, ""player_id"": ""9550470d""}, {""mod_id"": 4059, ""player_id"": ""5d1e7582""}, {""mod_id"": 5058, ""player_id"": ""732c038e""}, {""mod_id"": 384, ""player_id"": ""08548b13""}, {""mod_id"": 6795, ""player_id"": ""9ab2914d""}, {""mod_id"": 5790, ""player_id"": ""84212ffb""}, {""mod_id"": 7449, ""player_id"": ""a97c8ec2""}, {""mod_id"": 10598, ""player_id"": ""f24c6701""}, {""mod_id"": 9736, ""player_id"": ""de3d549a""}, {""mod_id"": 9745, ""player_id"": ""de7d833e""}, {""mod_id"": 5619, ""player_id"": ""7fca84b7""}, {""mod_id"": 618, ""player_id"": ""0ebfb1ad""}, {""mod_id"": 1322, ""player_id"": ""1fc6ef83""}, {""mod_id"": 9130, ""player_id"": ""d014d5ac""}, {""mod_id"": 4195, ""player_id"": ""6020a3c6""}, {""mod_id"": 7776, ""player_id"": ""b0946605""}, {""mod_id"": 4673, ""player_id"": ""6b0db726""}, {""mod_id"": 6653, ""player_id"": ""97bdec3d""}, {""mod_id"": 5779, ""player_id"": ""83d17bbc""}, {""mod_id"": 2790, ""player_id"": ""3feda4fa""}, {""mod_id"": 9763, ""player_id"": ""ded9ff1e""}], ""date_of_match"": ""2024-10-26 00:00:00"", ""temp"": 471.14013290405273, ""risk"": 31, ""venue"": ""Pallekele International Cricket Stadium""}","{""final_rating"": 1.7591138569200373, ""insights"": [""Headline: Bhanuka Rajapaksa back in Sri Lanka's T20I squad to face West Indies\nSentiment: 1.00, Relevance: 2.47\n"", ""Headline: Pathirana and Madushanka out of ODIs against India\nSentiment: 0.99, Relevance: 3.43\n"", ""Headline: Embracing the unorthodox - South Asian teams are now fast-bowling powerhouses\nSentiment: 1.00, Relevance: 2.08\n"", ""Headline: Mumbai replace injured Madushanka with South Africa teenager Maphaka\nSentiment: 0.70, Relevance: 3.11\n"", ""Headline: Madushanka to miss rest of Bangladesh tour, initial stages of IPL 2024\nSentiment: -0.99, Relevance: 2.58\n""]}"
BA King,7fca84b7,West Indies,Sri Lanka,2024-10-26,2024-10-26,Pallekele International Cricket Stadium,ODI,False,False,16,20,1,2,0,0,0,0,0,0,0,none,['AM Fernando'],['caught'],16,2,0,0,0,0,0,0,0,0,0,0,1,0,8,0,True,16.0,80.0,0.0,0.0,0.0,"{""strike_rate"": [56.55940628051758], ""economy"": [1.7239042520523071], ""score"": 43.67999999999999, ""floor_value"": -2.1422941421451114, ""ceil_value"": 69.38471838456937, ""batting_first_original_score"": [18, 41, 8], ""batting_first_predicted_score"": [20.034725189208984, 21.91981315612793, 20.25395965576172, 20.034725189208984], ""chasing_first_original_score"": [18, 41, 8], ""chasing_first_predicted_score"": [17.54521369934082, 16.732986450195312, 17.489198684692383, 17.54521369934082], ""points"": 42, ""rank"": 12.0, ""y_actual"": [5, 90, 6, 28, 24, 36], ""y_pred"": [32.358734130859375, 33.60612869262695, 34.448890686035156, 33.763179779052734, 42.77701950073242, 42.55192565917969], ""mod_player_id"": [{""mod_id"": 6256, ""player_id"": ""8ee36b18""}, {""mod_id"": 6544, ""player_id"": ""9550470d""}, {""mod_id"": 4059, ""player_id"": ""5d1e7582""}, {""mod_id"": 5058, ""player_id"": ""732c038e""}, {""mod_id"": 384, ""player_id"": ""08548b13""}, {""mod_id"": 6795, ""player_id"": ""9ab2914d""}, {""mod_id"": 5790, ""player_id"": ""84212ffb""}, {""mod_id"": 7449, ""player_id"": ""a97c8ec2""}, {""mod_id"": 10598, ""player_id"": ""f24c6701""}, {""mod_id"": 9736, ""player_id"": ""de3d549a""}, {""mod_id"": 9745, ""player_id"": ""de7d833e""}, {""mod_id"": 5619, ""player_id"": ""7fca84b7""}, {""mod_id"": 618, ""player_id"": ""0ebfb1ad""}, {""mod_id"": 1322, ""player_id"": ""1fc6ef83""}, {""mod_id"": 9130, ""player_id"": ""d014d5ac""}, {""mod_id"": 4195, ""player_id"": ""6020a3c6""}, {""mod_id"": 7776, ""player_id"": ""b0946605""}, {""mod_id"": 4673, ""player_id"": ""6b0db726""}, {""mod_id"": 6653, ""player_id"": ""97bdec3d""}, {""mod_id"": 5779, ""player_id"": ""83d17bbc""}, {""mod_id"": 2790, ""player_id"": ""3feda4fa""}, {""mod_id"": 9763, ""player_id"": ""ded9ff1e""}], ""date_of_match"": ""2024-10-26 00:00:00"", ""temp"": 471.14013290405273, ""risk"": 35, ""venue"": ""Pallekele International Cricket Stadium""}","{""final_rating"": 1.6447475482765441, ""insights"": [""Headline: Searing Seales seals the series in seven-wicket win for Windies\nSentiment: 1.00, Relevance: 1.49\n"", ""Headline: West Indies go 1-0 up after Lewis, King outshine Kamindu, Asalanka\nSentiment: 1.00, Relevance: 1.49\n"", ""Headline: Andre Russell, Jason Holder, Alzarri Joseph rested for South Africa T20Is\nSentiment: -0.84, Relevance: 1.53\n"", ""Headline: Side strain rules King out of T20 World Cup; Mayers called up as replacement\nSentiment: -0.63, Relevance: 1.20\n"", ""Headline: West Indies wait on King scans after 'worrying' side strain\nSentiment: -1.00, Relevance: 1.95\n""]}"
E Lewis,0ebfb1ad,West Indies,Sri Lanka,2024-10-26,2024-10-26,Pallekele International Cricket Stadium,ODI,False,True,102,61,0,9,4,0,0,0,0,0,0,none,[],[],39,4,1,0,63,5,3,0,0,0,0,0,1,0,8,0,True,102.0,167.21311475409837,0.0,0.0,0.0,"{""strike_rate"": [72.90164947509766], ""economy"": [1.4516310691833496], ""score"": 42, ""floor_value"": -2.6991681554784464, ""ceil_value"": 80.88473516578773, ""batting_first_original_score"": [133, 131, 12], ""batting_first_predicted_score"": [22.429279327392578, 23.539142608642578, 24.077043533325195, 22.429279327392578], ""chasing_first_original_score"": [133, 131, 12], ""chasing_first_predicted_score"": [20.42984390258789, 24.38120460510254, 19.925918579101562, 20.42984390258789], ""points"": 42, ""rank"": 13.0, ""y_actual"": [1, 64, 10, 83, 4, -2], ""y_pred"": [38.214637756347656, 36.57801818847656, 36.59131622314453, 35.37144088745117, 35.70566177368164, 35.08382034301758], ""mod_player_id"": [{""mod_id"": 6256, ""player_id"": ""8ee36b18""}, {""mod_id"": 6544, ""player_id"": ""9550470d""}, {""mod_id"": 4059, ""player_id"": ""5d1e7582""}, {""mod_id"": 5058, ""player_id"": ""732c038e""}, {""mod_id"": 384, ""player_id"": ""08548b13""}, {""mod_id"": 6795, ""player_id"": ""9ab2914d""}, {""mod_id"": 5790, ""player_id"": ""84212ffb""}, {""mod_id"": 7449, ""player_id"": ""a97c8ec2""}, {""mod_id"": 10598, ""player_id"": ""f24c6701""}, {""mod_id"": 9736, ""player_id"": ""de3d549a""}, {""mod_id"": 9745, ""player_id"": ""de7d833e""}, {""mod_id"": 5619, ""player_id"": ""7fca84b7""}, {""mod_id"": 618, ""player_id"": ""0ebfb1ad""}, {""mod_id"": 1322, ""player_id"": ""1fc6ef83""}, {""mod_id"": 9130, ""player_id"": ""d014d5ac""}, {""mod_id"": 4195, ""player_id"": ""6020a3c6""}, {""mod_id"": 7776, ""player_id"": ""b0946605""}, {""mod_id"": 4673, ""player_id"": ""6b0db726""}, {""mod_id"": 6653, ""player_id"": ""97bdec3d""}, {""mod_id"": 5779, ""player_id"": ""83d17bbc""}, {""mod_id"": 2790, ""player_id"": ""3feda4fa""}, {""mod_id"": 9763, ""player_id"": ""ded9ff1e""}], ""date_of_match"": ""2024-10-26 00:00:00"", ""temp"": 471.14013290405273, ""risk"": 41, ""venue"": ""Pallekele International Cricket Stadium""}","{""final_rating"": 1.7054076242705385, ""insights"": [""Headline: Searing Seales seals the series in seven-wicket win for Windies\nSentiment: 1.00, Relevance: 1.61\n"", ""Headline: Washout in St Lucia after five overs as England take series 3-1\nSentiment: -1.00, Relevance: 1.35\n"", ""Headline: Hope, Lewis blitz power West Indies to consolation win in 219-run chase\nSentiment: 1.00, Relevance: 1.42\n"", ""Headline: Fringe players set for centre stage as England's white-ball reboot takes Caribbean detour\nSentiment: -0.91, Relevance: 1.67\n"", ""Headline: Lewis' 61-ball century trumps Kusal's 19-ball fifty in 23-over shootout\nSentiment: 1.00, Relevance: 1.64\n""]}"
SD Hope,1fc6ef83,West Indies,Sri Lanka,2024-10-26,2024-10-26,Pallekele International Cricket Stadium,ODI,False,False,22,29,1,0,1,0,0,0,0,0,0,none,['D Madushanka'],['caught'],15,0,1,0,7,0,0,0,0,0,0,0,1,0,8,0,True,22.0,75.86206896551724,0.0,0.0,0.0,"{""strike_rate"": [59.2607421875], ""economy"": [1.3903743028640747], ""score"": 28.95294117647059, ""floor_value"": 5.722359975228329, ""ceil_value"": 94.97764002477167, ""batting_first_original_score"": [24, 14, 149], ""batting_first_predicted_score"": [23.0957088470459, 24.2055721282959, 22.873374938964844, 23.0957088470459], ""chasing_first_original_score"": [24, 14, 149], ""chasing_first_predicted_score"": [17.048282623291016, 15.987273216247559, 16.73301887512207, 17.048282623291016], ""points"": 42, ""rank"": 14.0, ""y_actual"": [102, 34, 25, 18, 13, 13], ""y_pred"": [37.07136154174805, 36.03157043457031, 33.99298858642578, 33.92127990722656, 42.502376556396484, 42.29640197753906], ""mod_player_id"": [{""mod_id"": 6256, ""player_id"": ""8ee36b18""}, {""mod_id"": 6544, ""player_id"": ""9550470d""}, {""mod_id"": 4059, ""player_id"": ""5d1e7582""}, {""mod_id"": 5058, ""player_id"": ""732c038e""}, {""mod_id"": 384, ""player_id"": ""08548b13""}, {""mod_id"": 6795, ""player_id"": ""9ab2914d""}, {""mod_id"": 5790, ""player_id"": ""84212ffb""}, {""mod_id"": 7449, ""player_id"": ""a97c8ec2""}, {""mod_id"": 10598, ""player_id"": ""f24c6701""}, {""mod_id"": 9736, ""player_id"": ""de3d549a""}, {""mod_id"": 9745, ""player_id"": ""de7d833e""}, {""mod_id"": 5619, ""player_id"": ""7fca84b7""}, {""mod_id"": 618, ""player_id"": ""0ebfb1ad""}, {""mod_id"": 1322, ""player_id"": ""1fc6ef83""}, {""mod_id"": 9130, ""player_id"": ""d014d5ac""}, {""mod_id"": 4195, ""player_id"": ""6020a3c6""}, {""mod_id"": 7776, ""player_id"": ""b0946605""}, {""mod_id"": 4673, ""player_id"": ""6b0db726""}, {""mod_id"": 6653, ""player_id"": ""97bdec3d""}, {""mod_id"": 5779, ""player_id"": ""83d17bbc""}, {""mod_id"": 2790, ""player_id"": ""3feda4fa""}, {""mod_id"": 9763, ""player_id"": ""ded9ff1e""}], ""date_of_match"": ""2024-10-26 00:00:00"", ""temp"": 471.14013290405273, ""risk"": 44, ""venue"": ""Pallekele International Cricket Stadium""}","{""final_rating"": 1.6402885629122914, ""insights"": [""Headline: WI go 1-0 up as Hope and Rutherford boss 295 chase\nSentiment: 1.00, Relevance: 2.17\n"", ""Headline: Washout in St Lucia after five overs as England take series 3-1\nSentiment: -1.00, Relevance: 0.92\n"", ""Headline: Can West Indies get their maroon stars back in the red-ball set-up?\nSentiment: -1.00, Relevance: 1.71\n"", ""Headline: Hope, Lewis blitz power West Indies to consolation win in 219-run chase\nSentiment: 1.00, Relevance: 1.00\n"", ""Headline: Alzarri Joseph suspended for two matches following 'unacceptable' behaviour\nSentiment: -1.00, Relevance: 1.74\n""]}"
SE Rutherford,d014d5ac,West Indies,Sri Lanka,2024-10-26,2024-10-26,Pallekele International Cricket Stadium,ODI,False,False,50,26,0,4,3,28,12,1,0,0,0,"KIC Asalanka, caught",[],[],0,0,0,0,50,4,3,1,0,0,0,0,1,0,8,0,True,50.0,192.30769230769232,28.0,12.0,14.0,"{""strike_rate"": [60.62564468383789], ""economy"": [1.4331681728363037], ""score"": 53.799999999999955, ""floor_value"": -1.7893855021817515, ""ceil_value"": 58.160642987211695, ""batting_first_original_score"": [95, -3, 74], ""batting_first_predicted_score"": [21.36475372314453, 22.350658416748047, 20.95946502685547, 21.36475372314453], ""chasing_first_original_score"": [95, -3, 74], ""chasing_first_predicted_score"": [17.022912979125977, 16.34728240966797, 17.14480209350586, 17.022912979125977], ""points"": 42, ""rank"": 15.0, ""y_actual"": [7, 15, 24, 7, 89, 99], ""y_pred"": [34.628997802734375, 33.436851501464844, 34.22379684448242, 33.5380859375, 42.80937194824219, 42.58427810668945], ""mod_player_id"": [{""mod_id"": 6256, ""player_id"": ""8ee36b18""}, {""mod_id"": 6544, ""player_id"": ""9550470d""}, {""mod_id"": 4059, ""player_id"": ""5d1e7582""}, {""mod_id"": 5058, ""player_id"": ""732c038e""}, {""mod_id"": 384, ""player_id"": ""08548b13""}, {""mod_id"": 6795, ""player_id"": ""9ab2914d""}, {""mod_id"": 5790, ""player_id"": ""84212ffb""}, {""mod_id"": 7449, ""player_id"": ""a97c8ec2""}, {""mod_id"": 10598, ""player_id"": ""f24c6701""}, {""mod_id"": 9736, ""player_id"": ""de3d549a""}, {""mod_id"": 9745, ""player_id"": ""de7d833e""}, {""mod_id"": 5619, ""player_id"": ""7fca84b7""}, {""mod_id"": 618, ""player_id"": ""0ebfb1ad""}, {""mod_id"": 1322, ""player_id"": ""1fc6ef83""}, {""mod_id"": 9130, ""player_id"": ""d014d5ac""}, {""mod_id"": 4195, ""player_id"": ""6020a3c6""}, {""mod_id"": 7776, ""player_id"": ""b0946605""}, {""mod_id"": 4673, ""player_id"": ""6b0db726""}, {""mod_id"": 6653, ""player_id"": ""97bdec3d""}, {""mod_id"": 5779, ""player_id"": ""83d17bbc""}, {""mod_id"": 2790, ""player_id"": ""3feda4fa""}, {""mod_id"": 9763, ""player_id"": ""ded9ff1e""}], ""date_of_match"": ""2024-10-26 00:00:00"", ""temp"": 471.14013290405273, ""risk"": 29, ""venue"": ""Pallekele International Cricket Stadium""}","{""final_rating"": 1.8326701173475082, ""insights"": [""Headline: WI go 1-0 up as Hope and Rutherford boss 295 chase\nSentiment: 1.00, Relevance: 1.91\n"", ""Headline: Liam Livingstone trumps Shai Hope to square series in battle of captain's hundreds\nSentiment: 1.00, Relevance: 1.94\n"", ""Headline: Lewis' 61-ball century trumps Kusal's 19-ball fifty in 23-over shootout\nSentiment: 1.00, Relevance: 1.18\n"", ""Headline: Hasaranga and Theekshana spin West Indies out and seal Sri Lanka series win\nSentiment: 1.00, Relevance: 0.99\n"", ""Headline: Jeremiah Louis joins brother Mikyle at St Kitts and Nevis Patriots\nSentiment: 0.99, Relevance: 1.54\n""]}"
KU Carty,6020a3c6,West Indies,Sri Lanka,2024-10-26,2024-10-26,Pallekele International Cricket Stadium,ODI,False,False,0,0,0,0,0,0,0,0,1,0,0,none,[],[],0,0,0,0,0,0,0,0,0,0,0,0,1,0,8,0,True,0.0,0.0,0.0,0.0,0.0,"{""strike_rate"": [54.89646530151367], ""economy"": [1.7792418003082275], ""score"": 35.885714285714286, ""floor_value"": -0.036854160990806406, ""ceil_value"": 65.7257430498797, ""batting_first_original_score"": [5, 29, 82], ""batting_first_predicted_score"": [20.222267150878906, 21.873016357421875, 20.549863815307617, 20.222267150878906], ""chasing_first_original_score"": [5, 29, 82], ""chasing_first_predicted_score"": [17.095081329345703, 15.592449188232422, 16.34520149230957, 17.095081329345703], ""points"": 42, ""rank"": 16.0, ""y_actual"": [2, 48, 54, -2, 40, 7], ""y_pred"": [33.46361541748047, 33.603179931640625, 33.93437576293945, 34.67369842529297, 42.371524810791016, 42.165550231933594], ""mod_player_id"": [{""mod_id"": 6256, ""player_id"": ""8ee36b18""}, {""mod_id"": 6544, ""player_id"": ""9550470d""}, {""mod_id"": 4059, ""player_id"": ""5d1e7582""}, {""mod_id"": 5058, ""player_id"": ""732c038e""}, {""mod_id"": 384, ""player_id"": ""08548b13""}, {""mod_id"": 6795, ""player_id"": ""9ab2914d""}, {""mod_id"": 5790, ""player_id"": ""84212ffb""}, {""mod_id"": 7449, ""player_id"": ""a97c8ec2""}, {""mod_id"": 10598, ""player_id"": ""f24c6701""}, {""mod_id"": 9736, ""player_id"": ""de3d549a""}, {""mod_id"": 9745, ""player_id"": ""de7d833e""}, {""mod_id"": 5619, ""player_id"": ""7fca84b7""}, {""mod_id"": 618, ""player_id"": ""0ebfb1ad""}, {""mod_id"": 1322, ""player_id"": ""1fc6ef83""}, {""mod_id"": 9130, ""player_id"": ""d014d5ac""}, {""mod_id"": 4195, ""player_id"": ""6020a3c6""}, {""mod_id"": 7776, ""player_id"": ""b0946605""}, {""mod_id"": 4673, ""player_id"": ""6b0db726""}, {""mod_id"": 6653, ""player_id"": ""97bdec3d""}, {""mod_id"": 5779, ""player_id"": ""83d17bbc""}, {""mod_id"": 2790, ""player_id"": ""3feda4fa""}, {""mod_id"": 9763, ""player_id"": ""ded9ff1e""}], ""date_of_match"": ""2024-10-26 00:00:00"", ""temp"": 471.14013290405273, ""risk"": 32, ""venue"": ""Pallekele International Cricket Stadium""}","{""final_rating"": 1.7612483763904332, ""insights"": [""Headline: Liam Livingstone trumps Shai Hope to square series in battle of captain's hundreds\nSentiment: 1.00, Relevance: 2.42\n"", ""Headline: Maharaj's 28-over spell applies squeeze on West Indies on rain-affected day\nSentiment: 0.93, Relevance: 1.28\n"", ""Headline: Bartlett four-for, Green's all-round effort give Australia 1-0 lead\nSentiment: 1.00, Relevance: 1.68\n"", ""Headline: Jason Holder, Nicholas Pooran, Kyle Mayers turn down West Indies central contracts\nSentiment: -0.99, Relevance: 2.00\n"", ""Headline: Matthew Forde, Keacy Carty shine as West Indies seal 2-1 series win\nSentiment: 1.00, Relevance: 2.08\n""]}"
AS Joseph,b0946605,West Indies,Sri Lanka,2024-10-26,2024-10-26,Pallekele International Cricket Stadium,ODI,False,False,0,0,0,0,0,41,31,1,0,0,1,"P Nissanka, run out",[],[],0,0,0,0,0,0,0,1,0,0,0,0,1,0,8,0,True,0.0,0.0,41.0,31.0,7.935483870967742,"{""strike_rate"": [55.388545989990234], ""economy"": [2.746577024459839], ""score"": 39.5, ""floor_value"": 15.304216028211336, ""ceil_value"": 86.27078397178866, ""batting_first_original_score"": [51, 29, 59], ""batting_first_predicted_score"": [22.340044021606445, 22.340044021606445, 23.51026153564453, 22.340044021606445], ""chasing_first_original_score"": [51, 29, 59], ""chasing_first_predicted_score"": [17.426509857177734, 17.558847427368164, 16.778047561645508, 17.558847427368164], ""points"": 42, ""rank"": 17.0, ""y_actual"": [31, 23, 46, 8, 47, 51], ""y_pred"": [34.33726119995117, 35.121063232421875, 35.90800857543945, 35.22229766845703, 44.003662109375, 43.778568267822266], ""mod_player_id"": [{""mod_id"": 6256, ""player_id"": ""8ee36b18""}, {""mod_id"": 6544, ""player_id"": ""9550470d""}, {""mod_id"": 4059, ""player_id"": ""5d1e7582""}, {""mod_id"": 5058, ""player_id"": ""732c038e""}, {""mod_id"": 384, ""player_id"": ""08548b13""}, {""mod_id"": 6795, ""player_id"": ""9ab2914d""}, {""mod_id"": 5790, ""player_id"": ""84212ffb""}, {""mod_id"": 7449, ""player_id"": ""a97c8ec2""}, {""mod_id"": 10598, ""player_id"": ""f24c6701""}, {""mod_id"": 9736, ""player_id"": ""de3d549a""}, {""mod_id"": 9745, ""player_id"": ""de7d833e""}, {""mod_id"": 5619, ""player_id"": ""7fca84b7""}, {""mod_id"": 618, ""player_id"": ""0ebfb1ad""}, {""mod_id"": 1322, ""player_id"": ""1fc6ef83""}, {""mod_id"": 9130, ""player_id"": ""d014d5ac""}, {""mod_id"": 4195, ""player_id"": ""6020a3c6""}, {""mod_id"": 7776, ""player_id"": ""b0946605""}, {""mod_id"": 4673, ""player_id"": ""6b0db726""}, {""mod_id"": 6653, ""player_id"": ""97bdec3d""}, {""mod_id"": 5779, ""player_id"": ""83d17bbc""}, {""mod_id"": 2790, ""player_id"": ""3feda4fa""}, {""mod_id"": 9763, ""player_id"": ""ded9ff1e""}], ""date_of_match"": ""2024-10-26 00:00:00"", ""temp"": 471.14013290405273, ""risk"": 35, ""venue"": ""Pallekele International Cricket Stadium""}","{""final_rating"": 1.552965619763735, ""insights"": [""Headline: Alzarri Joseph wraps West Indies' win with twin strikes on fifth morning\nSentiment: 0.99, Relevance: 1.29\n"", ""Headline: Mominul, Jaker help Bangladesh avoid follow on\nSentiment: -0.96, Relevance: 2.06\n"", ""Headline: Alzarri Joseph back from suspension as Andre Russell ruled out\nSentiment: -0.97, Relevance: 2.05\n"", ""Headline: Alzarri Joseph suspended for two matches following 'unacceptable' behaviour\nSentiment: -1.00, Relevance: 1.96\n"", ""Headline: Fringe players set for centre stage as England's white-ball reboot takes Caribbean detour\nSentiment: -0.91, Relevance: 1.69\n""]}"
J Andrew,6b0db726,West Indies,Sri Lanka,2024-10-26,2024-10-26,Pallekele International Cricket Stadium,ODI,False,False,0,0,0,0,0,0,0,0,0,0,0,none,[],[],0,0,0,0,0,0,0,0,0,0,0,0,1,0,8,0,True,0.0,0.0,0.0,0.0,0.0,"{""strike_rate"": [54.20663070678711], ""economy"": [1.6373237371444702], ""score"": 42, ""floor_value"": -9.42322024991558, ""ceil_value"": 49.92322024991558, ""batting_first_original_score"": [-3, -2, -3], ""batting_first_predicted_score"": [16.842010498046875, 17.85076332092285, 20.440580368041992, 20.440580368041992], ""chasing_first_original_score"": [-3, -2, -3], ""chasing_first_predicted_score"": [14.109353065490723, 13.85254955291748, 16.988468170166016, 16.988468170166016], ""points"": 42, ""rank"": 18.0, ""y_actual"": [20, 61, 16, 2, -3, -2], ""y_pred"": [30.818130493164062, 32.327022552490234, 32.28864669799805, 30.67809295654297, 32.67938995361328, 33.0109748840332], ""mod_player_id"": [{""mod_id"": 6256, ""player_id"": ""8ee36b18""}, {""mod_id"": 6544, ""player_id"": ""9550470d""}, {""mod_id"": 4059, ""player_id"": ""5d1e7582""}, {""mod_id"": 5058, ""player_id"": ""732c038e""}, {""mod_id"": 384, ""player_id"": ""08548b13""}, {""mod_id"": 6795, ""player_id"": ""9ab2914d""}, {""mod_id"": 5790, ""player_id"": ""84212ffb""}, {""mod_id"": 7449, ""player_id"": ""a97c8ec2""}, {""mod_id"": 10598, ""player_id"": ""f24c6701""}, {""mod_id"": 9736, ""player_id"": ""de3d549a""}, {""mod_id"": 9745, ""player_id"": ""de7d833e""}, {""mod_id"": 5619, ""player_id"": ""7fca84b7""}, {""mod_id"": 618, ""player_id"": ""0ebfb1ad""}, {""mod_id"": 1322, ""player_id"": ""1fc6ef83""}, {""mod_id"": 9130, ""player_id"": ""d014d5ac""}, {""mod_id"": 4195, ""player_id"": ""6020a3c6""}, {""mod_id"": 7776, ""player_id"": ""b0946605""}, {""mod_id"": 4673, ""player_id"": ""6b0db726""}, {""mod_id"": 6653, ""player_id"": ""97bdec3d""}, {""mod_id"": 5779, ""player_id"": ""83d17bbc""}, {""mod_id"": 2790, ""player_id"": ""3feda4fa""}, {""mod_id"": 9763, ""player_id"": ""ded9ff1e""}], ""date_of_match"": ""2024-10-26 00:00:00"", ""temp"": 471.14013290405273, ""risk"": 29, ""venue"": ""Pallekele International Cricket Stadium""}","{""final_rating"": 1.8324062344908854, ""insights"": [""Headline: Russell, Pooran opt out of SL T20Is; Andrew bolts into ODI squad\nSentiment: 0.99, Relevance: 1.79\n"", ""Headline: 'That was the turning point of the game' - Tahir toasts 100th CPL wicket\nSentiment: 1.00, Relevance: 1.76\n"", ""Headline: Stars in the making - five young West Indians to look out for at CPL 2024\nSentiment: 1.00, Relevance: 1.50\n"", ""Headline: Under-19 World Cup 2024: Musheer, Weibgen, Maphaka in ESPNcricinfo's Team of the Tournament\nSentiment: 1.00, Relevance: 1.41\n"", ""Headline: Perera, Lahiru flatten Namibia for 56 to make it two out of two for Sri Lanka\nSentiment: 0.98, Relevance: 1.12\n""]}"
G Motie,97bdec3d,West Indies,Sri Lanka,2024-10-26,2024-10-26,Pallekele International Cricket Stadium,ODI,False,False,0,0,0,0,0,21,30,0,0,0,0,none,[],[],0,0,0,0,0,0,0,0,0,0,0,0,1,0,8,0,True,0.0,0.0,0.0,0.0,0.0,"{""strike_rate"": [57.68928909301758], ""economy"": [1.7863422632217407], ""score"": 57.71874999999999, ""floor_value"": 7.072960704489134, ""ceil_value"": 83.87085952022997, ""batting_first_original_score"": [3, 111, 11], ""batting_first_predicted_score"": [20.892915725708008, 22.063133239746094, 21.048004150390625, 20.892915725708008], ""chasing_first_original_score"": [3, 111, 11], ""chasing_first_predicted_score"": [17.087512969970703, 16.190820693969727, 16.937471389770508, 17.087512969970703], ""points"": 42, ""rank"": 19.0, ""y_actual"": [4, 31, 10, 74, 72, 99], ""y_pred"": [34.72503662109375, 34.213409423828125, 35.0003547668457, 34.31464385986328, 43.166481018066406, 42.94138717651367], ""mod_player_id"": [{""mod_id"": 6256, ""player_id"": ""8ee36b18""}, {""mod_id"": 6544, ""player_id"": ""9550470d""}, {""mod_id"": 4059, ""player_id"": ""5d1e7582""}, {""mod_id"": 5058, ""player_id"": ""732c038e""}, {""mod_id"": 384, ""player_id"": ""08548b13""}, {""mod_id"": 6795, ""player_id"": ""9ab2914d""}, {""mod_id"": 5790, ""player_id"": ""84212ffb""}, {""mod_id"": 7449, ""player_id"": ""a97c8ec2""}, {""mod_id"": 10598, ""player_id"": ""f24c6701""}, {""mod_id"": 9736, ""player_id"": ""de3d549a""}, {""mod_id"": 9745, ""player_id"": ""de7d833e""}, {""mod_id"": 5619, ""player_id"": ""7fca84b7""}, {""mod_id"": 618, ""player_id"": ""0ebfb1ad""}, {""mod_id"": 1322, ""player_id"": ""1fc6ef83""}, {""mod_id"": 9130, ""player_id"": ""d014d5ac""}, {""mod_id"": 4195, ""player_id"": ""6020a3c6""}, {""mod_id"": 7776, ""player_id"": ""b0946605""}, {""mod_id"": 4673, ""player_id"": ""6b0db726""}, {""mod_id"": 6653, ""player_id"": ""97bdec3d""}, {""mod_id"": 5779, ""player_id"": ""83d17bbc""}, {""mod_id"": 2790, ""player_id"": ""3feda4fa""}, {""mod_id"": 9763, ""player_id"": ""ded9ff1e""}], ""date_of_match"": ""2024-10-26 00:00:00"", ""temp"": 471.14013290405273, ""risk"": 38, ""venue"": ""Pallekele International Cricket Stadium""}","{""final_rating"": 1.7621270465595176, ""insights"": [""Headline: Phil Salt's century, Saqib Mahmood's four, power England to eight-wicket win\nSentiment: 1.00, Relevance: 0.93\n"", ""Headline: Fringe players set for centre stage as England's white-ball reboot takes Caribbean detour\nSentiment: -0.91, Relevance: 1.91\n"", ""Headline: Hasaranga and Theekshana spin West Indies out and seal Sri Lanka series win\nSentiment: 1.00, Relevance: 1.50\n"", ""Headline: West Indies cling to England's coat-tails on day of heart and flaw\nSentiment: 0.93, Relevance: 2.14\n"", ""Headline: West Indies find success via Hosein and Motie's complementary strengths\nSentiment: 1.00, Relevance: 2.42\n""]}"
MW Forde,83d17bbc,West Indies,Sri Lanka,2024-10-26,2024-10-26,Pallekele International Cricket Stadium,ODI,False,False,0,0,0,0,0,14,30,0,0,0,0,none,[],[],0,0,0,0,0,0,0,0,0,0,0,0,1,0,8,0,True,0.0,0.0,0.0,0.0,0.0,"{""strike_rate"": [55.986351013183594], ""economy"": [1.7297065258026123], ""score"": 42, ""floor_value"": 1.314213727672815, ""ceil_value"": 86.12056888102285, ""batting_first_original_score"": [3, 55, 104], ""batting_first_predicted_score"": [19.281225204467773, 21.16631317138672, 19.500459671020508, 19.281225204467773], ""chasing_first_original_score"": [3, 55, 104], ""chasing_first_predicted_score"": [17.54521369934082, 16.732986450195312, 17.489198684692383, 17.54521369934082], ""points"": 42, ""rank"": 20.0, ""y_actual"": [12, 48, 58, 4, -2, 37], ""y_pred"": [33.548980712890625, 33.391273498535156, 34.073116302490234, 34.22283172607422, 33.160926818847656, 32.98039245605469], ""mod_player_id"": [{""mod_id"": 6256, ""player_id"": ""8ee36b18""}, {""mod_id"": 6544, ""player_id"": ""9550470d""}, {""mod_id"": 4059, ""player_id"": ""5d1e7582""}, {""mod_id"": 5058, ""player_id"": ""732c038e""}, {""mod_id"": 384, ""player_id"": ""08548b13""}, {""mod_id"": 6795, ""player_id"": ""9ab2914d""}, {""mod_id"": 5790, ""player_id"": ""84212ffb""}, {""mod_id"": 7449, ""player_id"": ""a97c8ec2""}, {""mod_id"": 10598, ""player_id"": ""f24c6701""}, {""mod_id"": 9736, ""player_id"": ""de3d549a""}, {""mod_id"": 9745, ""player_id"": ""de7d833e""}, {""mod_id"": 5619, ""player_id"": ""7fca84b7""}, {""mod_id"": 618, ""player_id"": ""0ebfb1ad""}, {""mod_id"": 1322, ""player_id"": ""1fc6ef83""}, {""mod_id"": 9130, ""player_id"": ""d014d5ac""}, {""mod_id"": 4195, ""player_id"": ""6020a3c6""}, {""mod_id"": 7776, ""player_id"": ""b0946605""}, {""mod_id"": 4673, ""player_id"": ""6b0db726""}, {""mod_id"": 6653, ""player_id"": ""97bdec3d""}, {""mod_id"": 5779, ""player_id"": ""83d17bbc""}, {""mod_id"": 2790, ""player_id"": ""3feda4fa""}, {""mod_id"": 9763, ""player_id"": ""ded9ff1e""}], ""date_of_match"": ""2024-10-26 00:00:00"", ""temp"": 471.14013290405273, ""risk"": 42, ""venue"": ""Pallekele International Cricket Stadium""}","{""final_rating"": 1.6352750708652368, ""insights"": [""Headline: Takeaways: Red-hot WI expose SA's lack of depth on the road to 2026\nSentiment: -1.00, Relevance: 2.12\n"", ""Headline: Stars in the making - five young West Indians to look out for at CPL 2024\nSentiment: 1.00, Relevance: 2.06\n"", ""Headline: Pooran and Forde lead West Indies' demolition of South Africa\nSentiment: 0.85, Relevance: 1.84\n"", ""Headline: Andre Russell, Jason Holder, Alzarri Joseph rested for South Africa T20Is\nSentiment: -0.84, Relevance: 1.88\n"", ""Headline: WI vs SA: Chance for discards and out-of-formers to make statements\nSentiment: -0.98, Relevance: 1.80\n""]}"
RL Chase,3feda4fa,West Indies,Sri Lanka,2024-10-26,2024-10-26,Pallekele International Cricket Stadium,ODI,False,False,0,0,0,0,0,20,12,1,0,0,0,"WIA Fernando, caught and bowled",[],[],0,0,0,0,0,0,0,1,0,0,0,0,1,0,8,0,True,0.0,0.0,20.0,12.0,10.0,"{""strike_rate"": [57.855377197265625], ""economy"": [2.141918897628784], ""score"": 35.13793103448276, ""floor_value"": 6.114045078299988, ""ceil_value"": 108.70117231300435, ""batting_first_original_score"": [22, 3, 47], ""batting_first_predicted_score"": [21.593862533569336, 22.81829071044922, 21.805736541748047, 21.593862533569336], ""chasing_first_original_score"": [22, 3, 47], ""chasing_first_predicted_score"": [17.34563446044922, 16.42495346069336, 17.129573822021484, 17.34563446044922], ""points"": 42, ""rank"": 21.0, ""y_actual"": [82, 34, 4, 12, 51, 33], ""y_pred"": [34.222900390625, 34.49105453491211, 35.2053337097168, 34.583492279052734, 42.53342056274414, 42.32744598388672], ""mod_player_id"": [{""mod_id"": 6256, ""player_id"": ""8ee36b18""}, {""mod_id"": 6544, ""player_id"": ""9550470d""}, {""mod_id"": 4059, ""player_id"": ""5d1e7582""}, {""mod_id"": 5058, ""player_id"": ""732c038e""}, {""mod_id"": 384, ""player_id"": ""08548b13""}, {""mod_id"": 6795, ""player_id"": ""9ab2914d""}, {""mod_id"": 5790, ""player_id"": ""84212ffb""}, {""mod_id"": 7449, ""player_id"": ""a97c8ec2""}, {""mod_id"": 10598, ""player_id"": ""f24c6701""}, {""mod_id"": 9736, ""player_id"": ""de3d549a""}, {""mod_id"": 9745, ""player_id"": ""de7d833e""}, {""mod_id"": 5619, ""player_id"": ""7fca84b7""}, {""mod_id"": 618, ""player_id"": ""0ebfb1ad""}, {""mod_id"": 1322, ""player_id"": ""1fc6ef83""}, {""mod_id"": 9130, ""player_id"": ""d014d5ac""}, {""mod_id"": 4195, ""player_id"": ""6020a3c6""}, {""mod_id"": 7776, ""player_id"": ""b0946605""}, {""mod_id"": 4673, ""player_id"": ""6b0db726""}, {""mod_id"": 6653, ""player_id"": ""97bdec3d""}, {""mod_id"": 5779, ""player_id"": ""83d17bbc""}, {""mod_id"": 2790, ""player_id"": ""3feda4fa""}, {""mod_id"": 9763, ""player_id"": ""ded9ff1e""}], ""date_of_match"": ""2024-10-26 00:00:00"", ""temp"": 471.14013290405273, ""risk"": 51, ""venue"": ""Pallekele International Cricket Stadium""}","{""final_rating"": 1.7098602403192078, ""insights"": [""Headline: Chase, Jones lead Kings to their maiden CPL title\nSentiment: 1.00, Relevance: 2.54\n"", ""Headline: South Africa knock West Indies out to enter semi-final with nervy win\nSentiment: 1.00, Relevance: 1.80\n"", ""Headline: Chase admits WI need to improve their middle-overs batting\nSentiment: -0.99, Relevance: 2.12\n"", ""Headline: Chase, Hope help West Indies thump USA for NRR boost\nSentiment: 0.98, Relevance: 2.08\n"", ""Headline: Rusty New Zealand in danger of early exit at the hands of West Indies\nSentiment: -1.00, Relevance: 1.63\n""]}"
JNT Seales,ded9ff1e,West Indies,Sri Lanka,2024-10-26,2024-10-26,Pallekele International Cricket Stadium,ODI,False,False,0,0,0,0,0,32,24,0,0,0,0,none,[],[],0,0,0,0,0,0,0,0,0,0,0,0,1,0,8,0,True,0.0,0.0,0.0,0.0,0.0,"{""strike_rate"": [54.7943229675293], ""economy"": [2.119349479675293], ""score"": 34.0, ""floor_value"": 3.2490231160259313, ""ceil_value"": 82.81067837651139, ""batting_first_original_score"": [-3, 55, 11], ""batting_first_predicted_score"": [21.77828025817871, 22.277009963989258, 21.860260009765625, 21.77828025817871], ""chasing_first_original_score"": [-3, 55, 11], ""chasing_first_predicted_score"": [17.229753494262695, 16.108741760253906, 16.23180389404297, 17.229753494262695], ""points"": 42, ""rank"": 22.0, ""y_actual"": [12, 7, 23, 44, -3, 6], ""y_pred"": [33.8389778137207, 33.80120849609375, 34.0494499206543, 34.151554107666016, 39.76420593261719, 39.61864471435547], ""mod_player_id"": [{""mod_id"": 6256, ""player_id"": ""8ee36b18""}, {""mod_id"": 6544, ""player_id"": ""9550470d""}, {""mod_id"": 4059, ""player_id"": ""5d1e7582""}, {""mod_id"": 5058, ""player_id"": ""732c038e""}, {""mod_id"": 384, ""player_id"": ""08548b13""}, {""mod_id"": 6795, ""player_id"": ""9ab2914d""}, {""mod_id"": 5790, ""player_id"": ""84212ffb""}, {""mod_id"": 7449, ""player_id"": ""a97c8ec2""}, {""mod_id"": 10598, ""player_id"": ""f24c6701""}, {""mod_id"": 9736, ""player_id"": ""de3d549a""}, {""mod_id"": 9745, ""player_id"": ""de7d833e""}, {""mod_id"": 5619, ""player_id"": ""7fca84b7""}, {""mod_id"": 618, ""player_id"": ""0ebfb1ad""}, {""mod_id"": 1322, ""player_id"": ""1fc6ef83""}, {""mod_id"": 9130, ""player_id"": ""d014d5ac""}, {""mod_id"": 4195, ""player_id"": ""6020a3c6""}, {""mod_id"": 7776, ""player_id"": ""b0946605""}, {""mod_id"": 4673, ""player_id"": ""6b0db726""}, {""mod_id"": 6653, ""player_id"": ""97bdec3d""}, {""mod_id"": 5779, ""player_id"": ""83d17bbc""}, {""mod_id"": 2790, ""player_id"": ""3feda4fa""}, {""mod_id"": 9763, ""player_id"": ""ded9ff1e""}], ""date_of_match"": ""2024-10-26 00:00:00"", ""temp"": 471.14013290405273, ""risk"": 39, ""venue"": ""Pallekele International Cricket Stadium""}","{""final_rating"": 1.8270141302511067, ""insights"": [""Headline: Searing Seales seals the series in seven-wicket win for Windies\nSentiment: 1.00, Relevance: 2.03\n"", ""Headline: Seales' 4 for 5 gives West Indies control as Bangladesh fold for 164\nSentiment: 0.85, Relevance: 1.95\n"", ""Headline: Bumrah back as No. 1 Test bowler;  Jaiswal moves to No. 2 in Test batting rankings\nSentiment: 0.99, Relevance: 1.72\n"", ""Headline: Roach, Seales build the road to victory for West Indies despite Taskin six-for\nSentiment: 1.00, Relevance: 1.80\n"", ""Headline: Battle between two misfiring batting units and stellar fast bowling attacks\nSentiment: 0.98, Relevance: 2.04\n""]}"
