player,player_id,team,opponent,start_date,end_date,venue,match_type,is_captain,is_player_of_match,runs_scored,balls_faced,outs,fours,sixes,runs_conceded,balls_bowled,wickets,catches,stumpings,runouts,wickets_taken_players,dismissed_by,wicket_type,runs_powerplay,fours_powerplay,sixes_powerplay,wickets_powerplay,runs_middle,fours_middle,sixes_middle,wickets_middle,runs_death,fours_death,sixes_death,wickets_death,win,win_by_run,win_by_wickets,maidens,gender,batting_average,batting_strike_rate,bowling_average,bowling_strike_rate,bowling_economy,values
P Nissanka,8ee36b18,Sri Lanka,India,2024-08-02,2024-08-02,"R Premadasa Stadium, Colombo",ODI,False,False,56,78,1,9,0,0,0,0,0,0,0,none,['Washington Sundar'],['lbw'],25,5,0,0,31,4,0,0,0,0,0,0,0,0,0,0,True,56.0,71.7948717948718,0.0,0.0,0.0,"{""batting_first_original_score"": [73, 64, 70], ""batting_first_predicted_score"": [17.556116104125977, 17.556116104125977, 22.63711929321289, 22.16755485534668], ""ceil_value"": 90.37224092783131, ""chasing_first_original_score"": [73, 64, 70], ""chasing_first_predicted_score"": [15.559163093566895, 14.569931983947754, 17.41104507446289, 18.3821964263916], ""date_of_match"": ""2024-08-02 00:00:00"", ""doi"": 0.17564956349382496, ""economy"": [1.8255963325500488], ""fes"": 6, ""floor_value"": -1.2169614247257243, ""mod_player_id"": [{""mod_id"": 6256, ""player_id"": ""8ee36b18""}, {""mod_id"": 6544, ""player_id"": ""9550470d""}, {""mod_id"": 4059, ""player_id"": ""5d1e7582""}, {""mod_id"": 6795, ""player_id"": ""9ab2914d""}, {""mod_id"": 5058, ""player_id"": ""732c038e""}, {""mod_id"": 5790, ""player_id"": ""84212ffb""}, {""mod_id"": 5069, ""player_id"": ""736123bb""}, {""mod_id"": 7449, ""player_id"": ""a97c8ec2""}, {""mod_id"": 3961, ""player_id"": ""5b16a806""}, {""mod_id"": 9017, ""player_id"": ""cdac5a3d""}, {""mod_id"": 9736, ""player_id"": ""de3d549a""}, {""mod_id"": 5091, ""player_id"": ""740742ef""}, {""mod_id"": 7941, ""player_id"": ""b4b99816""}, {""mod_id"": 8209, ""player_id"": ""ba607b88""}, {""mod_id"": 10576, ""player_id"": ""f19ccfad""}, {""mod_id"": 5865, ""player_id"": ""85ec8e33""}, {""mod_id"": 7816, ""player_id"": ""b17e2f24""}, {""mod_id"": 1992, ""player_id"": ""2e171977""}, {""mod_id"": 7242, ""player_id"": ""a4e37e47""}, {""mod_id"": 6175, ""player_id"": ""8d2c70ad""}, {""mod_id"": 2050, ""player_id"": ""2f49c897""}, {""mod_id"": 1539, ""player_id"": ""244048f6""}], ""pcb"": 0.9739235993474722, ""pfpp"": 48.1330285505815, ""points"": 0.0809062354419499, ""rank"": 1.0, ""risk"": 45, ""score"": 16.526041666666664, ""strike_rate"": [58.45429229736328], ""team1"": [{""player_id"": 7941, ""y"": 50.61631393432617}, {""player_id"": 8209, ""y"": 50.49599075317383}, {""player_id"": 7816, ""y"": 48.20683288574219}, {""player_id"": 6175, ""y"": 48.078433990478516}, {""player_id"": 5865, ""y"": 47.824989318847656}, {""player_id"": 10576, ""y"": 47.770416259765625}, {""player_id"": 5091, ""y"": 47.641441345214844}, {""player_id"": 1539, ""y"": 47.47819519042969}, {""player_id"": 1992, ""y"": 47.12649917602539}, {""player_id"": 2050, ""y"": 47.12649917602539}, {""player_id"": 7242, ""y"": 47.09770202636719}], ""team2"": [{""player_id"": 7449, ""y"": 43.49631118774414}, {""player_id"": 6544, ""y"": 42.836883544921875}, {""player_id"": 6795, ""y"": 42.836883544921875}, {""player_id"": 6256, ""y"": 42.836883544921875}, {""player_id"": 5069, ""y"": 42.348960876464844}, {""player_id"": 5058, ""y"": 42.348960876464844}, {""player_id"": 5790, ""y"": 42.26103973388672}, {""player_id"": 9017, ""y"": 42.073219299316406}, {""player_id"": 4059, ""y"": 42.0610466003418}, {""player_id"": 3961, ""y"": 41.92970657348633}, {""player_id"": 9736, ""y"": 39.206260681152344}], ""temp"": 529.4633140563965, ""venue"": ""R Premadasa Stadium, Colombo"", ""y_actual"": [4, 29, -2, 106, 41, 31], ""y_pred"": [35.92627716064453, 35.53579330444336, 35.67784881591797, 34.485130310058594, 34.76737594604492, 33.75135040283203]}"
WIA Fernando,9550470d,Sri Lanka,India,2024-08-02,2024-08-02,"R Premadasa Stadium, Colombo",ODI,False,False,1,7,1,0,0,0,0,0,0,0,0,none,['Mohammed Siraj'],['caught'],1,0,0,0,0,0,0,0,0,0,0,0,0,0,0,0,True,1.0,14.285714285714285,0.0,0.0,0.0,"{""batting_first_original_score"": [6, 10, 48], ""batting_first_predicted_score"": [22.596149444580078, 21.857990264892578, 21.857990264892578, 21.388425827026367], ""ceil_value"": 73.98029248438023, ""chasing_first_original_score"": [6, 10, 48], ""chasing_first_predicted_score"": [17.36559295654297, 16.93731117248535, 17.13727569580078, 18.108427047729492], ""date_of_match"": ""2024-08-02 00:00:00"", ""doi"": 0.17564956349382496, ""economy"": [1.6203900575637817], ""fes"": 6, ""floor_value"": -2.2374353415230814, ""mod_player_id"": [{""mod_id"": 6256, ""player_id"": ""8ee36b18""}, {""mod_id"": 6544, ""player_id"": ""9550470d""}, {""mod_id"": 4059, ""player_id"": ""5d1e7582""}, {""mod_id"": 6795, ""player_id"": ""9ab2914d""}, {""mod_id"": 5058, ""player_id"": ""732c038e""}, {""mod_id"": 5790, ""player_id"": ""84212ffb""}, {""mod_id"": 5069, ""player_id"": ""736123bb""}, {""mod_id"": 7449, ""player_id"": ""a97c8ec2""}, {""mod_id"": 3961, ""player_id"": ""5b16a806""}, {""mod_id"": 9017, ""player_id"": ""cdac5a3d""}, {""mod_id"": 9736, ""player_id"": ""de3d549a""}, {""mod_id"": 5091, ""player_id"": ""740742ef""}, {""mod_id"": 7941, ""player_id"": ""b4b99816""}, {""mod_id"": 8209, ""player_id"": ""ba607b88""}, {""mod_id"": 10576, ""player_id"": ""f19ccfad""}, {""mod_id"": 5865, ""player_id"": ""85ec8e33""}, {""mod_id"": 7816, ""player_id"": ""b17e2f24""}, {""mod_id"": 1992, ""player_id"": ""2e171977""}, {""mod_id"": 7242, ""player_id"": ""a4e37e47""}, {""mod_id"": 6175, ""player_id"": ""8d2c70ad""}, {""mod_id"": 2050, ""player_id"": ""2f49c897""}, {""mod_id"": 1539, ""player_id"": ""244048f6""}], ""pcb"": 0.9739235993474722, ""pfpp"": 48.1330285505815, ""points"": 0.0809062354419499, ""rank"": 2.0, ""risk"": 38, ""score"": 27.792307692307695, ""strike_rate"": [58.30561828613281], ""team1"": [{""player_id"": 7941, ""y"": 50.61631393432617}, {""player_id"": 8209, ""y"": 50.49599075317383}, {""player_id"": 7816, ""y"": 48.20683288574219}, {""player_id"": 6175, ""y"": 48.078433990478516}, {""player_id"": 5865, ""y"": 47.824989318847656}, {""player_id"": 10576, ""y"": 47.770416259765625}, {""player_id"": 5091, ""y"": 47.641441345214844}, {""player_id"": 1539, ""y"": 47.47819519042969}, {""player_id"": 1992, ""y"": 47.12649917602539}, {""player_id"": 2050, ""y"": 47.12649917602539}, {""player_id"": 7242, ""y"": 47.09770202636719}], ""team2"": [{""player_id"": 7449, ""y"": 43.49631118774414}, {""player_id"": 6544, ""y"": 42.836883544921875}, {""player_id"": 6795, ""y"": 42.836883544921875}, {""player_id"": 6256, ""y"": 42.836883544921875}, {""player_id"": 5069, ""y"": 42.348960876464844}, {""player_id"": 5058, ""y"": 42.348960876464844}, {""player_id"": 5790, ""y"": 42.26103973388672}, {""player_id"": 9017, ""y"": 42.073219299316406}, {""player_id"": 4059, ""y"": 42.0610466003418}, {""player_id"": 3961, ""y"": 41.92970657348633}, {""player_id"": 9736, ""y"": 39.206260681152344}], ""temp"": 529.4633140563965, ""venue"": ""R Premadasa Stadium, Colombo"", ""y_actual"": [89, 28, 20, 74, 12, -2], ""y_pred"": [36.25873947143555, 35.87326431274414, 36.78109359741211, 35.92627716064453, 35.53579330444336, 35.67784881591797]}"
BKG Mendis,5d1e7582,Sri Lanka,India,2024-08-02,2024-08-02,"R Premadasa Stadium, Colombo",ODI,False,False,14,33,1,1,0,0,0,0,2,0,0,none,['S Dube'],['lbw'],7,0,0,0,7,1,0,0,0,0,0,0,0,0,0,0,True,14.0,42.42424242424242,0.0,0.0,0.0,"{""batting_first_original_score"": [28, 3, 77], ""batting_first_predicted_score"": [23.246421813964844, 22.93830108642578, 22.93830108642578, 22.641244888305664], ""ceil_value"": 99.31182530428907, ""chasing_first_original_score"": [28, 3, 77], ""chasing_first_predicted_score"": [17.301729202270508, 17.04079246520996, 17.24075698852539, 18.442230224609375], ""date_of_match"": ""2024-08-02 00:00:00"", ""doi"": 0.17564956349382496, ""economy"": [1.837510108947754], ""fes"": 6, ""floor_value"": 4.335591109084788, ""mod_player_id"": [{""mod_id"": 6256, ""player_id"": ""8ee36b18""}, {""mod_id"": 6544, ""player_id"": ""9550470d""}, {""mod_id"": 4059, ""player_id"": ""5d1e7582""}, {""mod_id"": 6795, ""player_id"": ""9ab2914d""}, {""mod_id"": 5058, ""player_id"": ""732c038e""}, {""mod_id"": 5790, ""player_id"": ""84212ffb""}, {""mod_id"": 5069, ""player_id"": ""736123bb""}, {""mod_id"": 7449, ""player_id"": ""a97c8ec2""}, {""mod_id"": 3961, ""player_id"": ""5b16a806""}, {""mod_id"": 9017, ""player_id"": ""cdac5a3d""}, {""mod_id"": 9736, ""player_id"": ""de3d549a""}, {""mod_id"": 5091, ""player_id"": ""740742ef""}, {""mod_id"": 7941, ""player_id"": ""b4b99816""}, {""mod_id"": 8209, ""player_id"": ""ba607b88""}, {""mod_id"": 10576, ""player_id"": ""f19ccfad""}, {""mod_id"": 5865, ""player_id"": ""85ec8e33""}, {""mod_id"": 7816, ""player_id"": ""b17e2f24""}, {""mod_id"": 1992, ""player_id"": ""2e171977""}, {""mod_id"": 7242, ""player_id"": ""a4e37e47""}, {""mod_id"": 6175, ""player_id"": ""8d2c70ad""}, {""mod_id"": 2050, ""player_id"": ""2f49c897""}, {""mod_id"": 1539, ""player_id"": ""244048f6""}], ""pcb"": 0.9739235993474722, ""pfpp"": 48.1330285505815, ""points"": 0.0794409083381018, ""rank"": 3.0, ""risk"": 47, ""score"": 32.31028912938136, ""strike_rate"": [64.06402587890625], ""team1"": [{""player_id"": 7941, ""y"": 50.61631393432617}, {""player_id"": 8209, ""y"": 50.49599075317383}, {""player_id"": 7816, ""y"": 48.20683288574219}, {""player_id"": 6175, ""y"": 48.078433990478516}, {""player_id"": 5865, ""y"": 47.824989318847656}, {""player_id"": 10576, ""y"": 47.770416259765625}, {""player_id"": 5091, ""y"": 47.641441345214844}, {""player_id"": 1539, ""y"": 47.47819519042969}, {""player_id"": 1992, ""y"": 47.12649917602539}, {""player_id"": 2050, ""y"": 47.12649917602539}, {""player_id"": 7242, ""y"": 47.09770202636719}], ""team2"": [{""player_id"": 7449, ""y"": 43.49631118774414}, {""player_id"": 6544, ""y"": 42.836883544921875}, {""player_id"": 6795, ""y"": 42.836883544921875}, {""player_id"": 6256, ""y"": 42.836883544921875}, {""player_id"": 5069, ""y"": 42.348960876464844}, {""player_id"": 5058, ""y"": 42.348960876464844}, {""player_id"": 5790, ""y"": 42.26103973388672}, {""player_id"": 9017, ""y"": 42.073219299316406}, {""player_id"": 4059, ""y"": 42.0610466003418}, {""player_id"": 3961, ""y"": 41.92970657348633}, {""player_id"": 9736, ""y"": 39.206260681152344}], ""temp"": 529.4633140563965, ""venue"": ""R Premadasa Stadium, Colombo"", ""y_actual"": [76, 149, 98, 74, 12, 80], ""y_pred"": [35.11714172363281, 34.57139587402344, 34.694332122802734, 33.625064849853516, 33.88819122314453, 32.89128494262695]}"
S Samarawickrama,9ab2914d,Sri Lanka,India,2024-08-02,2024-08-02,"R Premadasa Stadium, Colombo",ODI,False,False,8,18,1,0,0,0,0,0,0,0,0,none,['AR Patel'],['caught'],0,0,0,0,8,0,0,0,0,0,0,0,0,0,0,0,True,8.0,44.44444444444444,0.0,0.0,0.0,"{""batting_first_original_score"": [21, 44, -3], ""batting_first_predicted_score"": [23.358043670654297, 23.049922943115234, 23.049922943115234, 22.580358505249023], ""ceil_value"": 68.14499772667753, ""chasing_first_original_score"": [21, 44, -3], ""chasing_first_predicted_score"": [17.7189998626709, 17.38474464416504, 17.58470916748047, 18.325931549072266], ""date_of_match"": ""2024-08-02 00:00:00"", ""doi"": 0.17564956349382496, ""economy"": [1.9320714473724365], ""fes"": 6, ""floor_value"": 0.44547846379865774, ""mod_player_id"": [{""mod_id"": 6256, ""player_id"": ""8ee36b18""}, {""mod_id"": 6544, ""player_id"": ""9550470d""}, {""mod_id"": 4059, ""player_id"": ""5d1e7582""}, {""mod_id"": 6795, ""player_id"": ""9ab2914d""}, {""mod_id"": 5058, ""player_id"": ""732c038e""}, {""mod_id"": 5790, ""player_id"": ""84212ffb""}, {""mod_id"": 5069, ""player_id"": ""736123bb""}, {""mod_id"": 7449, ""player_id"": ""a97c8ec2""}, {""mod_id"": 3961, ""player_id"": ""5b16a806""}, {""mod_id"": 9017, ""player_id"": ""cdac5a3d""}, {""mod_id"": 9736, ""player_id"": ""de3d549a""}, {""mod_id"": 5091, ""player_id"": ""740742ef""}, {""mod_id"": 7941, ""player_id"": ""b4b99816""}, {""mod_id"": 8209, ""player_id"": ""ba607b88""}, {""mod_id"": 10576, ""player_id"": ""f19ccfad""}, {""mod_id"": 5865, ""player_id"": ""85ec8e33""}, {""mod_id"": 7816, ""player_id"": ""b17e2f24""}, {""mod_id"": 1992, ""player_id"": ""2e171977""}, {""mod_id"": 7242, ""player_id"": ""a4e37e47""}, {""mod_id"": 6175, ""player_id"": ""8d2c70ad""}, {""mod_id"": 2050, ""player_id"": ""2f49c897""}, {""mod_id"": 1539, ""player_id"": ""244048f6""}], ""pcb"": 0.9739235993474722, ""pfpp"": 48.1330285505815, ""points"": 0.0809062354419499, ""rank"": 4.0, ""risk"": 33, ""score"": 27.09899888765295, ""strike_rate"": [62.53191375732422], ""team1"": [{""player_id"": 7941, ""y"": 50.61631393432617}, {""player_id"": 8209, ""y"": 50.49599075317383}, {""player_id"": 7816, ""y"": 48.20683288574219}, {""player_id"": 6175, ""y"": 48.078433990478516}, {""player_id"": 5865, ""y"": 47.824989318847656}, {""player_id"": 10576, ""y"": 47.770416259765625}, {""player_id"": 5091, ""y"": 47.641441345214844}, {""player_id"": 1539, ""y"": 47.47819519042969}, {""player_id"": 1992, ""y"": 47.12649917602539}, {""player_id"": 2050, ""y"": 47.12649917602539}, {""player_id"": 7242, ""y"": 47.09770202636719}], ""team2"": [{""player_id"": 7449, ""y"": 43.49631118774414}, {""player_id"": 6544, ""y"": 42.836883544921875}, {""player_id"": 6795, ""y"": 42.836883544921875}, {""player_id"": 6256, ""y"": 42.836883544921875}, {""player_id"": 5069, ""y"": 42.348960876464844}, {""player_id"": 5058, ""y"": 42.348960876464844}, {""player_id"": 5790, ""y"": 42.26103973388672}, {""player_id"": 9017, ""y"": 42.073219299316406}, {""player_id"": 4059, ""y"": 42.0610466003418}, {""player_id"": 3961, ""y"": 41.92970657348633}, {""player_id"": 9736, ""y"": 39.206260681152344}], ""temp"": 529.4633140563965, ""venue"": ""R Premadasa Stadium, Colombo"", ""y_actual"": [4, 7, -2, 17, 6, 87], ""y_pred"": [35.8643913269043, 35.63860321044922, 35.339073181152344, 36.073692321777344, 36.375423431396484, 35.5750617980957]}"
KIC Asalanka,732c038e,Sri Lanka,India,2024-08-02,2024-08-02,"R Premadasa Stadium, Colombo",ODI,False,False,14,21,1,2,0,30,55,3,0,0,0,"AR Patel, caught, S Dube, lbw, Arshdeep Singh, lbw",['Kuldeep Yadav'],['caught'],0,0,0,0,14,2,0,0,0,0,0,3,0,0,0,0,True,14.0,66.66666666666666,10.0,18.33333333333333,3.272727272727273,"{""batting_first_original_score"": [122, 77, 8], ""batting_first_predicted_score"": [22.376787185668945, 22.068666458129883, 22.068666458129883, 21.52324104309082], ""ceil_value"": 72.17637559369764, ""chasing_first_original_score"": [122, 77, 8], ""chasing_first_predicted_score"": [17.410789489746094, 17.149852752685547, 17.349817276000977, 18.315202713012695], ""date_of_match"": ""2024-08-02 00:00:00"", ""doi"": 0.17564956349382496, ""economy"": [1.2073619365692139], ""fes"": 6, ""floor_value"": -0.7845627282005694, ""mod_player_id"": [{""mod_id"": 6256, ""player_id"": ""8ee36b18""}, {""mod_id"": 6544, ""player_id"": ""9550470d""}, {""mod_id"": 4059, ""player_id"": ""5d1e7582""}, {""mod_id"": 6795, ""player_id"": ""9ab2914d""}, {""mod_id"": 5058, ""player_id"": ""732c038e""}, {""mod_id"": 5790, ""player_id"": ""84212ffb""}, {""mod_id"": 5069, ""player_id"": ""736123bb""}, {""mod_id"": 7449, ""player_id"": ""a97c8ec2""}, {""mod_id"": 3961, ""player_id"": ""5b16a806""}, {""mod_id"": 9017, ""player_id"": ""cdac5a3d""}, {""mod_id"": 9736, ""player_id"": ""de3d549a""}, {""mod_id"": 5091, ""player_id"": ""740742ef""}, {""mod_id"": 7941, ""player_id"": ""b4b99816""}, {""mod_id"": 8209, ""player_id"": ""ba607b88""}, {""mod_id"": 10576, ""player_id"": ""f19ccfad""}, {""mod_id"": 5865, ""player_id"": ""85ec8e33""}, {""mod_id"": 7816, ""player_id"": ""b17e2f24""}, {""mod_id"": 1992, ""player_id"": ""2e171977""}, {""mod_id"": 7242, ""player_id"": ""a4e37e47""}, {""mod_id"": 6175, ""player_id"": ""8d2c70ad""}, {""mod_id"": 2050, ""player_id"": ""2f49c897""}, {""mod_id"": 1539, ""player_id"": ""244048f6""}], ""pcb"": 0.9739235993474722, ""pfpp"": 48.1330285505815, ""points"": 0.07998469346632388, ""rank"": 5.0, ""risk"": 36, ""score"": 32.69515306122449, ""strike_rate"": [63.26445007324219], ""team1"": [{""player_id"": 7941, ""y"": 50.61631393432617}, {""player_id"": 8209, ""y"": 50.49599075317383}, {""player_id"": 7816, ""y"": 48.20683288574219}, {""player_id"": 6175, ""y"": 48.078433990478516}, {""player_id"": 5865, ""y"": 47.824989318847656}, {""player_id"": 10576, ""y"": 47.770416259765625}, {""player_id"": 5091, ""y"": 47.641441345214844}, {""player_id"": 1539, ""y"": 47.47819519042969}, {""player_id"": 1992, ""y"": 47.12649917602539}, {""player_id"": 2050, ""y"": 47.12649917602539}, {""player_id"": 7242, ""y"": 47.09770202636719}], ""team2"": [{""player_id"": 7449, ""y"": 43.49631118774414}, {""player_id"": 6544, ""y"": 42.836883544921875}, {""player_id"": 6795, ""y"": 42.836883544921875}, {""player_id"": 6256, ""y"": 42.836883544921875}, {""player_id"": 5069, ""y"": 42.348960876464844}, {""player_id"": 5058, ""y"": 42.348960876464844}, {""player_id"": 5790, ""y"": 42.26103973388672}, {""player_id"": 9017, ""y"": 42.073219299316406}, {""player_id"": 4059, ""y"": 42.0610466003418}, {""player_id"": 3961, ""y"": 41.92970657348633}, {""player_id"": 9736, ""y"": 39.206260681152344}], ""temp"": 529.4633140563965, ""venue"": ""R Premadasa Stadium, Colombo"", ""y_actual"": [8, 4, 4, -2, 16, -2], ""y_pred"": [33.532203674316406, 33.141719818115234, 33.283775329589844, 32.04012680053711, 32.32237243652344, 31.306350708007812]}"
J Liyanage,84212ffb,Sri Lanka,India,2024-08-02,2024-08-02,"R Premadasa Stadium, Colombo",ODI,False,False,20,26,1,1,1,0,0,0,0,0,0,none,['AR Patel'],['caught'],0,0,0,0,20,1,1,0,0,0,0,0,0,0,0,0,True,20.0,76.92307692307693,0.0,0.0,0.0,"{""batting_first_original_score"": [21, 28, -3], ""batting_first_predicted_score"": [22.237815856933594, 21.92969512939453, 21.92969512939453, 21.524276733398438], ""ceil_value"": 63.02639697211925, ""chasing_first_original_score"": [21, 28, -3], ""chasing_first_predicted_score"": [18.541860580444336, 18.11357879638672, 18.31354331970215, 18.660154342651367], ""date_of_match"": ""2024-08-02 00:00:00"", ""doi"": 0.17564956349382496, ""economy"": [1.7018098831176758], ""fes"": 6, ""floor_value"": -7.026396972119251, ""mod_player_id"": [{""mod_id"": 6256, ""player_id"": ""8ee36b18""}, {""mod_id"": 6544, ""player_id"": ""9550470d""}, {""mod_id"": 4059, ""player_id"": ""5d1e7582""}, {""mod_id"": 6795, ""player_id"": ""9ab2914d""}, {""mod_id"": 5058, ""player_id"": ""732c038e""}, {""mod_id"": 5790, ""player_id"": ""84212ffb""}, {""mod_id"": 5069, ""player_id"": ""736123bb""}, {""mod_id"": 7449, ""player_id"": ""a97c8ec2""}, {""mod_id"": 3961, ""player_id"": ""5b16a806""}, {""mod_id"": 9017, ""player_id"": ""cdac5a3d""}, {""mod_id"": 9736, ""player_id"": ""de3d549a""}, {""mod_id"": 5091, ""player_id"": ""740742ef""}, {""mod_id"": 7941, ""player_id"": ""b4b99816""}, {""mod_id"": 8209, ""player_id"": ""ba607b88""}, {""mod_id"": 10576, ""player_id"": ""f19ccfad""}, {""mod_id"": 5865, ""player_id"": ""85ec8e33""}, {""mod_id"": 7816, ""player_id"": ""b17e2f24""}, {""mod_id"": 1992, ""player_id"": ""2e171977""}, {""mod_id"": 7242, ""player_id"": ""a4e37e47""}, {""mod_id"": 6175, ""player_id"": ""8d2c70ad""}, {""mod_id"": 2050, ""player_id"": ""2f49c897""}, {""mod_id"": 1539, ""player_id"": ""244048f6""}], ""pcb"": 0.9739235993474722, ""pfpp"": 48.1330285505815, ""points"": 0.07981863636615479, ""rank"": 6.0, ""risk"": 35, ""score"": 31.333548804137035, ""strike_rate"": [59.892669677734375], ""team1"": [{""player_id"": 7941, ""y"": 50.61631393432617}, {""player_id"": 8209, ""y"": 50.49599075317383}, {""player_id"": 7816, ""y"": 48.20683288574219}, {""player_id"": 6175, ""y"": 48.078433990478516}, {""player_id"": 5865, ""y"": 47.824989318847656}, {""player_id"": 10576, ""y"": 47.770416259765625}, {""player_id"": 5091, ""y"": 47.641441345214844}, {""player_id"": 1539, ""y"": 47.47819519042969}, {""player_id"": 1992, ""y"": 47.12649917602539}, {""player_id"": 2050, ""y"": 47.12649917602539}, {""player_id"": 7242, ""y"": 47.09770202636719}], ""team2"": [{""player_id"": 7449, ""y"": 43.49631118774414}, {""player_id"": 6544, ""y"": 42.836883544921875}, {""player_id"": 6795, ""y"": 42.836883544921875}, {""player_id"": 6256, ""y"": 42.836883544921875}, {""player_id"": 5069, ""y"": 42.348960876464844}, {""player_id"": 5058, ""y"": 42.348960876464844}, {""player_id"": 5790, ""y"": 42.26103973388672}, {""player_id"": 9017, ""y"": 42.073219299316406}, {""player_id"": 4059, ""y"": 42.0610466003418}, {""player_id"": 3961, ""y"": 41.92970657348633}, {""player_id"": 9736, ""y"": 39.206260681152344}], ""temp"": 529.4633140563965, ""venue"": ""R Premadasa Stadium, Colombo"", ""y_actual"": [3, -2, 22, 14, 87, 14], ""y_pred"": [35.82535934448242, 35.36086654663086, 35.67555236816406, 36.210731506347656, 35.297325134277344, 34.66976547241211]}"
DN Wellalage,736123bb,Sri Lanka,India,2024-08-02,2024-08-02,"R Premadasa Stadium, Colombo",ODI,False,True,67,65,0,7,2,39,54,2,1,0,0,"Shubman Gill, caught, RG Sharma, lbw",[],[],0,0,0,0,27,3,0,2,40,4,2,0,0,0,0,1,True,67.0,103.07692307692308,19.5,27.0,4.333333333333333,"{""batting_first_original_score"": [4, 11, 11], ""batting_first_predicted_score"": [16.85240364074707, 22.376787185668945, 22.068666458129883, 21.52324104309082], ""ceil_value"": 85.18719110098058, ""chasing_first_original_score"": [4, 11, 11], ""chasing_first_predicted_score"": [13.757797241210938, 17.410789489746094, 17.149852752685547, 18.315202713012695], ""date_of_match"": ""2024-08-02 00:00:00"", ""doi"": 0.17564956349382496, ""economy"": [1.2073619365692139], ""fes"": 6, ""floor_value"": 5.750308899019423, ""mod_player_id"": [{""mod_id"": 6256, ""player_id"": ""8ee36b18""}, {""mod_id"": 6544, ""player_id"": ""9550470d""}, {""mod_id"": 4059, ""player_id"": ""5d1e7582""}, {""mod_id"": 6795, ""player_id"": ""9ab2914d""}, {""mod_id"": 5058, ""player_id"": ""732c038e""}, {""mod_id"": 5790, ""player_id"": ""84212ffb""}, {""mod_id"": 5069, ""player_id"": ""736123bb""}, {""mod_id"": 7449, ""player_id"": ""a97c8ec2""}, {""mod_id"": 3961, ""player_id"": ""5b16a806""}, {""mod_id"": 9017, ""player_id"": ""cdac5a3d""}, {""mod_id"": 9736, ""player_id"": ""de3d549a""}, {""mod_id"": 5091, ""player_id"": ""740742ef""}, {""mod_id"": 7941, ""player_id"": ""b4b99816""}, {""mod_id"": 8209, ""player_id"": ""ba607b88""}, {""mod_id"": 10576, ""player_id"": ""f19ccfad""}, {""mod_id"": 5865, ""player_id"": ""85ec8e33""}, {""mod_id"": 7816, ""player_id"": ""b17e2f24""}, {""mod_id"": 1992, ""player_id"": ""2e171977""}, {""mod_id"": 7242, ""player_id"": ""a4e37e47""}, {""mod_id"": 6175, ""player_id"": ""8d2c70ad""}, {""mod_id"": 2050, ""player_id"": ""2f49c897""}, {""mod_id"": 1539, ""player_id"": ""244048f6""}], ""pcb"": 0.9739235993474722, ""pfpp"": 48.1330285505815, ""points"": 0.07998469346632388, ""rank"": 7.0, ""risk"": 39, ""score"": 24.583295194508008, ""strike_rate"": [63.26445007324219], ""team1"": [{""player_id"": 7941, ""y"": 50.61631393432617}, {""player_id"": 8209, ""y"": 50.49599075317383}, {""player_id"": 7816, ""y"": 48.20683288574219}, {""player_id"": 6175, ""y"": 48.078433990478516}, {""player_id"": 5865, ""y"": 47.824989318847656}, {""player_id"": 10576, ""y"": 47.770416259765625}, {""player_id"": 5091, ""y"": 47.641441345214844}, {""player_id"": 1539, ""y"": 47.47819519042969}, {""player_id"": 1992, ""y"": 47.12649917602539}, {""player_id"": 2050, ""y"": 47.12649917602539}, {""player_id"": 7242, ""y"": 47.09770202636719}], ""team2"": [{""player_id"": 7449, ""y"": 43.49631118774414}, {""player_id"": 6544, ""y"": 42.836883544921875}, {""player_id"": 6795, ""y"": 42.836883544921875}, {""player_id"": 6256, ""y"": 42.836883544921875}, {""player_id"": 5069, ""y"": 42.348960876464844}, {""player_id"": 5058, ""y"": 42.348960876464844}, {""player_id"": 5790, ""y"": 42.26103973388672}, {""player_id"": 9017, ""y"": 42.073219299316406}, {""player_id"": 4059, ""y"": 42.0610466003418}, {""player_id"": 3961, ""y"": 41.92970657348633}, {""player_id"": 9736, ""y"": 39.206260681152344}], ""temp"": 529.4633140563965, ""venue"": ""R Premadasa Stadium, Colombo"", ""y_actual"": [6, 41, 4, 48, 63, 33], ""y_pred"": [33.399845123291016, 33.17405700683594, 32.87452697753906, 33.60914611816406, 33.9108772277832, 33.11051559448242]}"
PWH de Silva,a97c8ec2,Sri Lanka,India,2024-08-02,2024-08-02,"R Premadasa Stadium, Colombo",ODI,False,False,24,35,1,1,2,59,60,3,0,0,0,"V Kohli, lbw, KL Rahul, caught, Kuldeep Yadav, bowled",['Arshdeep Singh'],['caught'],0,0,0,0,18,0,2,2,6,1,0,1,0,0,0,0,True,24.0,68.57142857142857,19.666666666666668,20.0,5.9,"{""batting_first_original_score"": [51, 101, -3], ""batting_first_predicted_score"": [23.90595817565918, 23.597837448120117, 23.597837448120117, 23.128273010253906], ""ceil_value"": 106.81860073590582, ""chasing_first_original_score"": [51, 101, -3], ""chasing_first_predicted_score"": [18.712202072143555, 18.377946853637695, 18.577911376953125, 19.799470901489258], ""date_of_match"": ""2024-08-02 00:00:00"", ""doi"": 0.17564956349382496, ""economy"": [2.1479272842407227], ""fes"": 6, ""floor_value"": 17.56766535851478, ""mod_player_id"": [{""mod_id"": 6256, ""player_id"": ""8ee36b18""}, {""mod_id"": 6544, ""player_id"": ""9550470d""}, {""mod_id"": 4059, ""player_id"": ""5d1e7582""}, {""mod_id"": 6795, ""player_id"": ""9ab2914d""}, {""mod_id"": 5058, ""player_id"": ""732c038e""}, {""mod_id"": 5790, ""player_id"": ""84212ffb""}, {""mod_id"": 5069, ""player_id"": ""736123bb""}, {""mod_id"": 7449, ""player_id"": ""a97c8ec2""}, {""mod_id"": 3961, ""player_id"": ""5b16a806""}, {""mod_id"": 9017, ""player_id"": ""cdac5a3d""}, {""mod_id"": 9736, ""player_id"": ""de3d549a""}, {""mod_id"": 5091, ""player_id"": ""740742ef""}, {""mod_id"": 7941, ""player_id"": ""b4b99816""}, {""mod_id"": 8209, ""player_id"": ""ba607b88""}, {""mod_id"": 10576, ""player_id"": ""f19ccfad""}, {""mod_id"": 5865, ""player_id"": ""85ec8e33""}, {""mod_id"": 7816, ""player_id"": ""b17e2f24""}, {""mod_id"": 1992, ""player_id"": ""2e171977""}, {""mod_id"": 7242, ""player_id"": ""a4e37e47""}, {""mod_id"": 6175, ""player_id"": ""8d2c70ad""}, {""mod_id"": 2050, ""player_id"": ""2f49c897""}, {""mod_id"": 1539, ""player_id"": ""244048f6""}], ""pcb"": 0.9739235993474722, ""pfpp"": 48.1330285505815, ""points"": 0.08215169971740681, ""rank"": 8.0, ""risk"": 44, ""score"": 32.64046505750032, ""strike_rate"": [59.02570724487305], ""team1"": [{""player_id"": 7941, ""y"": 50.61631393432617}, {""player_id"": 8209, ""y"": 50.49599075317383}, {""player_id"": 7816, ""y"": 48.20683288574219}, {""player_id"": 6175, ""y"": 48.078433990478516}, {""player_id"": 5865, ""y"": 47.824989318847656}, {""player_id"": 10576, ""y"": 47.770416259765625}, {""player_id"": 5091, ""y"": 47.641441345214844}, {""player_id"": 1539, ""y"": 47.47819519042969}, {""player_id"": 1992, ""y"": 47.12649917602539}, {""player_id"": 2050, ""y"": 47.12649917602539}, {""player_id"": 7242, ""y"": 47.09770202636719}], ""team2"": [{""player_id"": 7449, ""y"": 43.49631118774414}, {""player_id"": 6544, ""y"": 42.836883544921875}, {""player_id"": 6795, ""y"": 42.836883544921875}, {""player_id"": 6256, ""y"": 42.836883544921875}, {""player_id"": 5069, ""y"": 42.348960876464844}, {""player_id"": 5058, ""y"": 42.348960876464844}, {""player_id"": 5790, ""y"": 42.26103973388672}, {""player_id"": 9017, ""y"": 42.073219299316406}, {""player_id"": 4059, ""y"": 42.0610466003418}, {""player_id"": 3961, ""y"": 41.92970657348633}, {""player_id"": 9736, ""y"": 39.206260681152344}], ""temp"": 529.4633140563965, ""venue"": ""R Premadasa Stadium, Colombo"", ""y_actual"": [152, 55, 39, 27, 17, 69], ""y_pred"": [36.99285125732422, 36.7542610168457, 35.78812789916992, 34.91667938232422, 35.19892501831055, 34.182899475097656]}"
A Dananjaya,5b16a806,Sri Lanka,India,2024-08-02,2024-08-02,"R Premadasa Stadium, Colombo",ODI,False,False,17,22,1,2,0,41,60,1,0,0,0,"Washington Sundar, lbw",['Arshdeep Singh'],['caught'],0,0,0,0,0,0,0,1,17,2,0,0,0,0,0,0,True,17.0,77.27272727272727,41.0,60.0,4.1,"{""batting_first_original_score"": [73, 46, 23], ""batting_first_predicted_score"": [17.478885650634766, 21.898998260498047, 21.898998260498047, 21.898998260498047], ""ceil_value"": 80.28276077337429, ""chasing_first_original_score"": [73, 46, 23], ""chasing_first_predicted_score"": [15.168516159057617, 17.89640235900879, 18.088882446289062, 17.89640235900879], ""date_of_match"": ""2024-08-02 00:00:00"", ""doi"": 0.17564956349382496, ""economy"": [2.3344738483428955], ""fes"": 6, ""floor_value"": 1.412477321863797, ""mod_player_id"": [{""mod_id"": 6256, ""player_id"": ""8ee36b18""}, {""mod_id"": 6544, ""player_id"": ""9550470d""}, {""mod_id"": 4059, ""player_id"": ""5d1e7582""}, {""mod_id"": 6795, ""player_id"": ""9ab2914d""}, {""mod_id"": 5058, ""player_id"": ""732c038e""}, {""mod_id"": 5790, ""player_id"": ""84212ffb""}, {""mod_id"": 5069, ""player_id"": ""736123bb""}, {""mod_id"": 7449, ""player_id"": ""a97c8ec2""}, {""mod_id"": 3961, ""player_id"": ""5b16a806""}, {""mod_id"": 9017, ""player_id"": ""cdac5a3d""}, {""mod_id"": 9736, ""player_id"": ""de3d549a""}, {""mod_id"": 5091, ""player_id"": ""740742ef""}, {""mod_id"": 7941, ""player_id"": ""b4b99816""}, {""mod_id"": 8209, ""player_id"": ""ba607b88""}, {""mod_id"": 10576, ""player_id"": ""f19ccfad""}, {""mod_id"": 5865, ""player_id"": ""85ec8e33""}, {""mod_id"": 7816, ""player_id"": ""b17e2f24""}, {""mod_id"": 1992, ""player_id"": ""2e171977""}, {""mod_id"": 7242, ""player_id"": ""a4e37e47""}, {""mod_id"": 6175, ""player_id"": ""8d2c70ad""}, {""mod_id"": 2050, ""player_id"": ""2f49c897""}, {""mod_id"": 1539, ""player_id"": ""244048f6""}], ""pcb"": 0.9739235993474722, ""pfpp"": 48.1330285505815, ""points"": 0.07919284577480684, ""rank"": 9.0, ""risk"": 39, ""score"": 42.25803310613437, ""strike_rate"": [50.35887145996094], ""team1"": [{""player_id"": 7941, ""y"": 50.61631393432617}, {""player_id"": 8209, ""y"": 50.49599075317383}, {""player_id"": 7816, ""y"": 48.20683288574219}, {""player_id"": 6175, ""y"": 48.078433990478516}, {""player_id"": 5865, ""y"": 47.824989318847656}, {""player_id"": 10576, ""y"": 47.770416259765625}, {""player_id"": 5091, ""y"": 47.641441345214844}, {""player_id"": 1539, ""y"": 47.47819519042969}, {""player_id"": 1992, ""y"": 47.12649917602539}, {""player_id"": 2050, ""y"": 47.12649917602539}, {""player_id"": 7242, ""y"": 47.09770202636719}], ""team2"": [{""player_id"": 7449, ""y"": 43.49631118774414}, {""player_id"": 6544, ""y"": 42.836883544921875}, {""player_id"": 6795, ""y"": 42.836883544921875}, {""player_id"": 6256, ""y"": 42.836883544921875}, {""player_id"": 5069, ""y"": 42.348960876464844}, {""player_id"": 5058, ""y"": 42.348960876464844}, {""player_id"": 5790, ""y"": 42.26103973388672}, {""player_id"": 9017, ""y"": 42.073219299316406}, {""player_id"": 4059, ""y"": 42.0610466003418}, {""player_id"": 3961, ""y"": 41.92970657348633}, {""player_id"": 9736, ""y"": 39.206260681152344}], ""temp"": 529.4633140563965, ""venue"": ""R Premadasa Stadium, Colombo"", ""y_actual"": [47, 55, 4, 25, 4, 73], ""y_pred"": [43.93762969970703, 35.093231201171875, 34.4730110168457, 35.13131332397461, 34.72440719604492, 35.900146484375]}"
M Shiraz,cdac5a3d,Sri Lanka,India,2024-08-02,2024-08-02,"R Premadasa Stadium, Colombo",ODI,False,False,1,1,0,0,0,25,24,0,0,0,0,none,[],[],0,0,0,0,0,0,0,0,1,0,0,0,0,0,0,0,True,1.0,100.0,0.0,0.0,0.0,"{""batting_first_original_score"": [-2, 33, 1], ""batting_first_predicted_score"": [16.852502822875977, 16.495840072631836, 22.1546630859375, 22.1546630859375], ""ceil_value"": 29.910832312142553, ""chasing_first_original_score"": [-2, 33, 1], ""chasing_first_predicted_score"": [14.366799354553223, 14.777365684509277, 17.692195892333984, 17.692195892333984], ""date_of_match"": ""2024-08-02 00:00:00"", ""doi"": 0.17564956349382496, ""economy"": [1.8405710458755493], ""fes"": 6, ""floor_value"": -3.410832312142553, ""mod_player_id"": [{""mod_id"": 6256, ""player_id"": ""8ee36b18""}, {""mod_id"": 6544, ""player_id"": ""9550470d""}, {""mod_id"": 4059, ""player_id"": ""5d1e7582""}, {""mod_id"": 6795, ""player_id"": ""9ab2914d""}, {""mod_id"": 5058, ""player_id"": ""732c038e""}, {""mod_id"": 5790, ""player_id"": ""84212ffb""}, {""mod_id"": 5069, ""player_id"": ""736123bb""}, {""mod_id"": 7449, ""player_id"": ""a97c8ec2""}, {""mod_id"": 3961, ""player_id"": ""5b16a806""}, {""mod_id"": 9017, ""player_id"": ""cdac5a3d""}, {""mod_id"": 9736, ""player_id"": ""de3d549a""}, {""mod_id"": 5091, ""player_id"": ""740742ef""}, {""mod_id"": 7941, ""player_id"": ""b4b99816""}, {""mod_id"": 8209, ""player_id"": ""ba607b88""}, {""mod_id"": 10576, ""player_id"": ""f19ccfad""}, {""mod_id"": 5865, ""player_id"": ""85ec8e33""}, {""mod_id"": 7816, ""player_id"": ""b17e2f24""}, {""mod_id"": 1992, ""player_id"": ""2e171977""}, {""mod_id"": 7242, ""player_id"": ""a4e37e47""}, {""mod_id"": 6175, ""player_id"": ""8d2c70ad""}, {""mod_id"": 2050, ""player_id"": ""2f49c897""}, {""mod_id"": 1539, ""player_id"": ""244048f6""}], ""pcb"": 0.9739235993474722, ""pfpp"": 48.1330285505815, ""points"": 0.0794638989753215, ""rank"": 10.0, ""risk"": 16, ""score"": NaN, ""strike_rate"": [59.973228454589844], ""team1"": [{""player_id"": 7941, ""y"": 50.61631393432617}, {""player_id"": 8209, ""y"": 50.49599075317383}, {""player_id"": 7816, ""y"": 48.20683288574219}, {""player_id"": 6175, ""y"": 48.078433990478516}, {""player_id"": 5865, ""y"": 47.824989318847656}, {""player_id"": 10576, ""y"": 47.770416259765625}, {""player_id"": 5091, ""y"": 47.641441345214844}, {""player_id"": 1539, ""y"": 47.47819519042969}, {""player_id"": 1992, ""y"": 47.12649917602539}, {""player_id"": 2050, ""y"": 47.12649917602539}, {""player_id"": 7242, ""y"": 47.09770202636719}], ""team2"": [{""player_id"": 7449, ""y"": 43.49631118774414}, {""player_id"": 6544, ""y"": 42.836883544921875}, {""player_id"": 6795, ""y"": 42.836883544921875}, {""player_id"": 6256, ""y"": 42.836883544921875}, {""player_id"": 5069, ""y"": 42.348960876464844}, {""player_id"": 5058, ""y"": 42.348960876464844}, {""player_id"": 5790, ""y"": 42.26103973388672}, {""player_id"": 9017, ""y"": 42.073219299316406}, {""player_id"": 4059, ""y"": 42.0610466003418}, {""player_id"": 3961, ""y"": 41.92970657348633}, {""player_id"": 9736, ""y"": 39.206260681152344}], ""temp"": 529.4633140563965, ""venue"": ""R Premadasa Stadium, Colombo"", ""y_actual"": [21, -2, 33], ""y_pred"": [32.96852111816406, 33.77503967285156, 33.28801345825195]}"
AM Fernando,de3d549a,Sri Lanka,India,2024-08-02,2024-08-02,"R Premadasa Stadium, Colombo",ODI,False,False,0,0,0,0,0,36,38,1,0,0,0,"SS Iyer, bowled",[],[],0,0,0,0,0,0,0,1,0,0,0,0,0,0,0,1,True,0.0,0.0,36.0,38.0,5.684210526315789,"{""batting_first_original_score"": [-3, 72, 20], ""batting_first_predicted_score"": [22.918140411376953, 22.61001968383789, 22.61001968383789, 22.26504898071289], ""ceil_value"": 77.01778241911408, ""chasing_first_original_score"": [-3, 72, 20], ""chasing_first_predicted_score"": [18.049463272094727, 17.698158264160156, 17.898122787475586, 18.187318801879883], ""date_of_match"": ""2024-08-02 00:00:00"", ""doi"": 0.17564956349382496, ""economy"": [2.2173848152160645], ""fes"": 6, ""floor_value"": -2.421291191043906, ""mod_player_id"": [{""mod_id"": 6256, ""player_id"": ""8ee36b18""}, {""mod_id"": 6544, ""player_id"": ""9550470d""}, {""mod_id"": 4059, ""player_id"": ""5d1e7582""}, {""mod_id"": 6795, ""player_id"": ""9ab2914d""}, {""mod_id"": 5058, ""player_id"": ""732c038e""}, {""mod_id"": 5790, ""player_id"": ""84212ffb""}, {""mod_id"": 5069, ""player_id"": ""736123bb""}, {""mod_id"": 7449, ""player_id"": ""a97c8ec2""}, {""mod_id"": 3961, ""player_id"": ""5b16a806""}, {""mod_id"": 9017, ""player_id"": ""cdac5a3d""}, {""mod_id"": 9736, ""player_id"": ""de3d549a""}, {""mod_id"": 5091, ""player_id"": ""740742ef""}, {""mod_id"": 7941, ""player_id"": ""b4b99816""}, {""mod_id"": 8209, ""player_id"": ""ba607b88""}, {""mod_id"": 10576, ""player_id"": ""f19ccfad""}, {""mod_id"": 5865, ""player_id"": ""85ec8e33""}, {""mod_id"": 7816, ""player_id"": ""b17e2f24""}, {""mod_id"": 1992, ""player_id"": ""2e171977""}, {""mod_id"": 7242, ""player_id"": ""a4e37e47""}, {""mod_id"": 6175, ""player_id"": ""8d2c70ad""}, {""mod_id"": 2050, ""player_id"": ""2f49c897""}, {""mod_id"": 1539, ""player_id"": ""244048f6""}], ""pcb"": 0.9739235993474722, ""pfpp"": 48.1330285505815, ""points"": 0.07404905994483357, ""rank"": 11.0, ""risk"": 39, ""score"": 27.4222972972973, ""strike_rate"": [56.82960891723633], ""team1"": [{""player_id"": 7941, ""y"": 50.61631393432617}, {""player_id"": 8209, ""y"": 50.49599075317383}, {""player_id"": 7816, ""y"": 48.20683288574219}, {""player_id"": 6175, ""y"": 48.078433990478516}, {""player_id"": 5865, ""y"": 47.824989318847656}, {""player_id"": 10576, ""y"": 47.770416259765625}, {""player_id"": 5091, ""y"": 47.641441345214844}, {""player_id"": 1539, ""y"": 47.47819519042969}, {""player_id"": 1992, ""y"": 47.12649917602539}, {""player_id"": 2050, ""y"": 47.12649917602539}, {""player_id"": 7242, ""y"": 47.09770202636719}], ""team2"": [{""player_id"": 7449, ""y"": 43.49631118774414}, {""player_id"": 6544, ""y"": 42.836883544921875}, {""player_id"": 6795, ""y"": 42.836883544921875}, {""player_id"": 6256, ""y"": 42.836883544921875}, {""player_id"": 5069, ""y"": 42.348960876464844}, {""player_id"": 5058, ""y"": 42.348960876464844}, {""player_id"": 5790, ""y"": 42.26103973388672}, {""player_id"": 9017, ""y"": 42.073219299316406}, {""player_id"": 4059, ""y"": 42.0610466003418}, {""player_id"": 3961, ""y"": 41.92970657348633}, {""player_id"": 9736, ""y"": 39.206260681152344}], ""temp"": 529.4633140563965, ""venue"": ""R Premadasa Stadium, Colombo"", ""y_actual"": [4, 4, 77, 27, -2, 30], ""y_pred"": [35.18029022216797, 35.0742073059082, 35.1367301940918, 32.80880355834961, 33.01151657104492, 32.07502365112305]}"
RG Sharma,740742ef,India,Sri Lanka,2024-08-02,2024-08-02,"R Premadasa Stadium, Colombo",ODI,False,False,58,49,1,7,3,0,0,0,2,0,0,none,['DN Wellalage'],['lbw'],54,7,3,0,4,0,0,0,0,0,0,0,0,0,0,0,True,58.0,118.36734693877553,0.0,0.0,0.0,"{""batting_first_original_score"": [47, 68, 50], ""batting_first_predicted_score"": [45.75626754760742, 46.26655578613281, 46.18791961669922, 24.56643295288086], ""ceil_value"": 98.47818673023401, ""chasing_first_original_score"": [47, 68, 50], ""chasing_first_predicted_score"": [35.02906036376953, 31.596542358398438, 34.61516571044922, 19.504209518432617], ""date_of_match"": ""2024-08-02 00:00:00"", ""doi"": 0.17564956349382496, ""economy"": [1.2824586629867554], ""fes"": 6, ""floor_value"": -1.431080404527421, ""mod_player_id"": [{""mod_id"": 6256, ""player_id"": ""8ee36b18""}, {""mod_id"": 6544, ""player_id"": ""9550470d""}, {""mod_id"": 4059, ""player_id"": ""5d1e7582""}, {""mod_id"": 6795, ""player_id"": ""9ab2914d""}, {""mod_id"": 5058, ""player_id"": ""732c038e""}, {""mod_id"": 5790, ""player_id"": ""84212ffb""}, {""mod_id"": 5069, ""player_id"": ""736123bb""}, {""mod_id"": 7449, ""player_id"": ""a97c8ec2""}, {""mod_id"": 3961, ""player_id"": ""5b16a806""}, {""mod_id"": 9017, ""player_id"": ""cdac5a3d""}, {""mod_id"": 9736, ""player_id"": ""de3d549a""}, {""mod_id"": 5091, ""player_id"": ""740742ef""}, {""mod_id"": 7941, ""player_id"": ""b4b99816""}, {""mod_id"": 8209, ""player_id"": ""ba607b88""}, {""mod_id"": 10576, ""player_id"": ""f19ccfad""}, {""mod_id"": 5865, ""player_id"": ""85ec8e33""}, {""mod_id"": 7816, ""player_id"": ""b17e2f24""}, {""mod_id"": 1992, ""player_id"": ""2e171977""}, {""mod_id"": 7242, ""player_id"": ""a4e37e47""}, {""mod_id"": 6175, ""player_id"": ""8d2c70ad""}, {""mod_id"": 2050, ""player_id"": ""2f49c897""}, {""mod_id"": 1539, ""player_id"": ""244048f6""}], ""pcb"": 0.9739235993474722, ""pfpp"": 48.1330285505815, ""points"": 0.08998062770434034, ""rank"": 12.0, ""risk"": 49, ""score"": 59.99999999999999, ""strike_rate"": [65.62871551513672], ""team1"": [{""player_id"": 7941, ""y"": 50.61631393432617}, {""player_id"": 8209, ""y"": 50.49599075317383}, {""player_id"": 7816, ""y"": 48.20683288574219}, {""player_id"": 6175, ""y"": 48.078433990478516}, {""player_id"": 5865, ""y"": 47.824989318847656}, {""player_id"": 10576, ""y"": 47.770416259765625}, {""player_id"": 5091, ""y"": 47.641441345214844}, {""player_id"": 1539, ""y"": 47.47819519042969}, {""player_id"": 1992, ""y"": 47.12649917602539}, {""player_id"": 2050, ""y"": 47.12649917602539}, {""player_id"": 7242, ""y"": 47.09770202636719}], ""team2"": [{""player_id"": 7449, ""y"": 43.49631118774414}, {""player_id"": 6544, ""y"": 42.836883544921875}, {""player_id"": 6795, ""y"": 42.836883544921875}, {""player_id"": 6256, ""y"": 42.836883544921875}, {""player_id"": 5069, ""y"": 42.348960876464844}, {""player_id"": 5058, ""y"": 42.348960876464844}, {""player_id"": 5790, ""y"": 42.26103973388672}, {""player_id"": 9017, ""y"": 42.073219299316406}, {""player_id"": 4059, ""y"": 42.0610466003418}, {""player_id"": 3961, ""y"": 41.92970657348633}, {""player_id"": 9736, ""y"": 39.206260681152344}], ""temp"": 529.4633140563965, ""venue"": ""R Premadasa Stadium, Colombo"", ""y_actual"": [3, 23, 50, 137, 77, 11], ""y_pred"": [33.887699127197266, 34.00953674316406, 33.984134674072266, 34.02337646484375, 33.831783294677734, 34.02193069458008]}"
Shubman Gill,b4b99816,India,Sri Lanka,2024-08-02,2024-08-02,"R Premadasa Stadium, Colombo",ODI,False,False,16,35,1,2,0,14,6,0,1,0,0,none,['DN Wellalage'],['caught'],13,2,0,0,3,0,0,0,0,0,0,0,0,0,0,0,True,16.0,45.71428571428572,0.0,0.0,0.0,"{""batting_first_original_score"": [153, 60, 112], ""batting_first_predicted_score"": [50.42116165161133, 46.28559112548828, 47.53132247924805, 27.311559677124023], ""ceil_value"": 101.75421029755552, ""chasing_first_original_score"": [153, 60, 112], ""chasing_first_predicted_score"": [32.574928283691406, 35.91828155517578, 35.10603713989258, 20.087831497192383], ""date_of_match"": ""2024-08-02 00:00:00"", ""doi"": 0.17564956349382496, ""economy"": [1.7945375442504883], ""fes"": 6, ""floor_value"": 5.3457897024444705, ""mod_player_id"": [{""mod_id"": 6256, ""player_id"": ""8ee36b18""}, {""mod_id"": 6544, ""player_id"": ""9550470d""}, {""mod_id"": 4059, ""player_id"": ""5d1e7582""}, {""mod_id"": 6795, ""player_id"": ""9ab2914d""}, {""mod_id"": 5058, ""player_id"": ""732c038e""}, {""mod_id"": 5790, ""player_id"": ""84212ffb""}, {""mod_id"": 5069, ""player_id"": ""736123bb""}, {""mod_id"": 7449, ""player_id"": ""a97c8ec2""}, {""mod_id"": 3961, ""player_id"": ""5b16a806""}, {""mod_id"": 9017, ""player_id"": ""cdac5a3d""}, {""mod_id"": 9736, ""player_id"": ""de3d549a""}, {""mod_id"": 5091, ""player_id"": ""740742ef""}, {""mod_id"": 7941, ""player_id"": ""b4b99816""}, {""mod_id"": 8209, ""player_id"": ""ba607b88""}, {""mod_id"": 10576, ""player_id"": ""f19ccfad""}, {""mod_id"": 5865, ""player_id"": ""85ec8e33""}, {""mod_id"": 7816, ""player_id"": ""b17e2f24""}, {""mod_id"": 1992, ""player_id"": ""2e171977""}, {""mod_id"": 7242, ""player_id"": ""a4e37e47""}, {""mod_id"": 6175, ""player_id"": ""8d2c70ad""}, {""mod_id"": 2050, ""player_id"": ""2f49c897""}, {""mod_id"": 1539, ""player_id"": ""244048f6""}], ""pcb"": 0.9739235993474722, ""pfpp"": 48.1330285505815, ""points"": 0.09559928438957851, ""rank"": 13.0, ""risk"": 48, ""score"": 30.455424274973147, ""strike_rate"": [62.12044143676758], ""team1"": [{""player_id"": 7941, ""y"": 50.61631393432617}, {""player_id"": 8209, ""y"": 50.49599075317383}, {""player_id"": 7816, ""y"": 48.20683288574219}, {""player_id"": 6175, ""y"": 48.078433990478516}, {""player_id"": 5865, ""y"": 47.824989318847656}, {""player_id"": 10576, ""y"": 47.770416259765625}, {""player_id"": 5091, ""y"": 47.641441345214844}, {""player_id"": 1539, ""y"": 47.47819519042969}, {""player_id"": 1992, ""y"": 47.12649917602539}, {""player_id"": 2050, ""y"": 47.12649917602539}, {""player_id"": 7242, ""y"": 47.09770202636719}], ""team2"": [{""player_id"": 7449, ""y"": 43.49631118774414}, {""player_id"": 6544, ""y"": 42.836883544921875}, {""player_id"": 6795, ""y"": 42.836883544921875}, {""player_id"": 6256, ""y"": 42.836883544921875}, {""player_id"": 5069, ""y"": 42.348960876464844}, {""player_id"": 5058, ""y"": 42.348960876464844}, {""player_id"": 5790, ""y"": 42.26103973388672}, {""player_id"": 9017, ""y"": 42.073219299316406}, {""player_id"": 4059, ""y"": 42.0610466003418}, {""player_id"": 3961, ""y"": 41.92970657348633}, {""player_id"": 9736, ""y"": 39.206260681152344}], ""temp"": 529.4633140563965, ""venue"": ""R Premadasa Stadium, Colombo"", ""y_actual"": [2, 89, 86, 15, 52, 54], ""y_pred"": [37.67086410522461, 37.16975021362305, 37.313236236572266, 37.67086410522461, 37.05601501464844, 37.08756637573242]}"
V Kohli,ba607b88,India,Sri Lanka,2024-08-02,2024-08-02,"R Premadasa Stadium, Colombo",ODI,False,False,24,32,1,2,0,0,0,0,0,0,0,none,['PWH de Silva'],['lbw'],0,0,0,0,24,2,0,0,0,0,0,0,0,0,0,0,True,24.0,75.0,0.0,0.0,0.0,"{""batting_first_original_score"": [90, 84, 14], ""batting_first_predicted_score"": [47.36513900756836, 49.10093688964844, 48.53450393676758, 26.38591766357422], ""ceil_value"": 114.7089418283079, ""chasing_first_original_score"": [90, 84, 14], ""chasing_first_predicted_score"": [37.19137191772461, 34.05071258544922, 36.35391616821289, 21.54031753540039], ""date_of_match"": ""2024-08-02 00:00:00"", ""doi"": 0.17564956349382496, ""economy"": [0.8331151008605957], ""fes"": 6, ""floor_value"": 3.9848319963426846, ""mod_player_id"": [{""mod_id"": 6256, ""player_id"": ""8ee36b18""}, {""mod_id"": 6544, ""player_id"": ""9550470d""}, {""mod_id"": 4059, ""player_id"": ""5d1e7582""}, {""mod_id"": 6795, ""player_id"": ""9ab2914d""}, {""mod_id"": 5058, ""player_id"": ""732c038e""}, {""mod_id"": 5790, ""player_id"": ""84212ffb""}, {""mod_id"": 5069, ""player_id"": ""736123bb""}, {""mod_id"": 7449, ""player_id"": ""a97c8ec2""}, {""mod_id"": 3961, ""player_id"": ""5b16a806""}, {""mod_id"": 9017, ""player_id"": ""cdac5a3d""}, {""mod_id"": 9736, ""player_id"": ""de3d549a""}, {""mod_id"": 5091, ""player_id"": ""740742ef""}, {""mod_id"": 7941, ""player_id"": ""b4b99816""}, {""mod_id"": 8209, ""player_id"": ""ba607b88""}, {""mod_id"": 10576, ""player_id"": ""f19ccfad""}, {""mod_id"": 5865, ""player_id"": ""85ec8e33""}, {""mod_id"": 7816, ""player_id"": ""b17e2f24""}, {""mod_id"": 1992, ""player_id"": ""2e171977""}, {""mod_id"": 7242, ""player_id"": ""a4e37e47""}, {""mod_id"": 6175, ""player_id"": ""8d2c70ad""}, {""mod_id"": 2050, ""player_id"": ""2f49c897""}, {""mod_id"": 1539, ""player_id"": ""244048f6""}], ""pcb"": 0.9739235993474722, ""pfpp"": 48.1330285505815, ""points"": 0.09537202939766887, ""rank"": 14.0, ""risk"": 55, ""score"": 26.089041095890412, ""strike_rate"": [64.41058349609375], ""team1"": [{""player_id"": 7941, ""y"": 50.61631393432617}, {""player_id"": 8209, ""y"": 50.49599075317383}, {""player_id"": 7816, ""y"": 48.20683288574219}, {""player_id"": 6175, ""y"": 48.078433990478516}, {""player_id"": 5865, ""y"": 47.824989318847656}, {""player_id"": 10576, ""y"": 47.770416259765625}, {""player_id"": 5091, ""y"": 47.641441345214844}, {""player_id"": 1539, ""y"": 47.47819519042969}, {""player_id"": 1992, ""y"": 47.12649917602539}, {""player_id"": 2050, ""y"": 47.12649917602539}, {""player_id"": 7242, ""y"": 47.09770202636719}], ""team2"": [{""player_id"": 7449, ""y"": 43.49631118774414}, {""player_id"": 6544, ""y"": 42.836883544921875}, {""player_id"": 6795, ""y"": 42.836883544921875}, {""player_id"": 6256, ""y"": 42.836883544921875}, {""player_id"": 5069, ""y"": 42.348960876464844}, {""player_id"": 5058, ""y"": 42.348960876464844}, {""player_id"": 5790, ""y"": 42.26103973388672}, {""player_id"": 9017, ""y"": 42.073219299316406}, {""player_id"": 4059, ""y"": 42.0610466003418}, {""player_id"": 3961, ""y"": 41.92970657348633}, {""player_id"": 9736, ""y"": 39.206260681152344}], ""temp"": 529.4633140563965, ""venue"": ""R Premadasa Stadium, Colombo"", ""y_actual"": [-2, 26, 56, -2, 11, 94], ""y_pred"": [38.31114196777344, 38.73029327392578, 38.8695068359375, 38.82634735107422, 38.245880126953125, 38.43602752685547]}"
Washington Sundar,f19ccfad,India,Sri Lanka,2024-08-02,2024-08-02,"R Premadasa Stadium, Colombo",ODI,False,False,5,4,1,1,0,48,54,1,1,0,0,"P Nissanka, lbw",['A Dananjaya'],['lbw'],0,0,0,0,5,1,0,1,0,0,0,0,0,0,0,0,True,5.0,125.0,48.0,54.0,5.333333333333333,"{""batting_first_original_score"": [31, 26, 150], ""batting_first_predicted_score"": [18.60354232788086, 18.39626121520996, 46.23770523071289, 24.734943389892578], ""ceil_value"": 74.84944555209978, ""chasing_first_original_score"": [31, 26, 150], ""chasing_first_predicted_score"": [15.573479652404785, 16.001964569091797, 36.096309661865234, 19.58216094970703], ""date_of_match"": ""2024-08-02 00:00:00"", ""doi"": 0.17564956349382496, ""economy"": [2.9914493560791016], ""fes"": 6, ""floor_value"": 4.785848565547283, ""mod_player_id"": [{""mod_id"": 6256, ""player_id"": ""8ee36b18""}, {""mod_id"": 6544, ""player_id"": ""9550470d""}, {""mod_id"": 4059, ""player_id"": ""5d1e7582""}, {""mod_id"": 6795, ""player_id"": ""9ab2914d""}, {""mod_id"": 5058, ""player_id"": ""732c038e""}, {""mod_id"": 5790, ""player_id"": ""84212ffb""}, {""mod_id"": 5069, ""player_id"": ""736123bb""}, {""mod_id"": 7449, ""player_id"": ""a97c8ec2""}, {""mod_id"": 3961, ""player_id"": ""5b16a806""}, {""mod_id"": 9017, ""player_id"": ""cdac5a3d""}, {""mod_id"": 9736, ""player_id"": ""de3d549a""}, {""mod_id"": 5091, ""player_id"": ""740742ef""}, {""mod_id"": 7941, ""player_id"": ""b4b99816""}, {""mod_id"": 8209, ""player_id"": ""ba607b88""}, {""mod_id"": 10576, ""player_id"": ""f19ccfad""}, {""mod_id"": 5865, ""player_id"": ""85ec8e33""}, {""mod_id"": 7816, ""player_id"": ""b17e2f24""}, {""mod_id"": 1992, ""player_id"": ""2e171977""}, {""mod_id"": 7242, ""player_id"": ""a4e37e47""}, {""mod_id"": 6175, ""player_id"": ""8d2c70ad""}, {""mod_id"": 2050, ""player_id"": ""2f49c897""}, {""mod_id"": 1539, ""player_id"": ""244048f6""}], ""pcb"": 0.9739235993474722, ""pfpp"": 48.1330285505815, ""points"": 0.09022422326823817, ""rank"": 15.0, ""risk"": 35, ""score"": 55.858247422680414, ""strike_rate"": [49.74077224731445], ""team1"": [{""player_id"": 7941, ""y"": 50.61631393432617}, {""player_id"": 8209, ""y"": 50.49599075317383}, {""player_id"": 7816, ""y"": 48.20683288574219}, {""player_id"": 6175, ""y"": 48.078433990478516}, {""player_id"": 5865, ""y"": 47.824989318847656}, {""player_id"": 10576, ""y"": 47.770416259765625}, {""player_id"": 5091, ""y"": 47.641441345214844}, {""player_id"": 1539, ""y"": 47.47819519042969}, {""player_id"": 1992, ""y"": 47.12649917602539}, {""player_id"": 2050, ""y"": 47.12649917602539}, {""player_id"": 7242, ""y"": 47.09770202636719}], ""team2"": [{""player_id"": 7449, ""y"": 43.49631118774414}, {""player_id"": 6544, ""y"": 42.836883544921875}, {""player_id"": 6795, ""y"": 42.836883544921875}, {""player_id"": 6256, ""y"": 42.836883544921875}, {""player_id"": 5069, ""y"": 42.348960876464844}, {""player_id"": 5058, ""y"": 42.348960876464844}, {""player_id"": 5790, ""y"": 42.26103973388672}, {""player_id"": 9017, ""y"": 42.073219299316406}, {""player_id"": 4059, ""y"": 42.0610466003418}, {""player_id"": 3961, ""y"": 41.92970657348633}, {""player_id"": 9736, ""y"": 39.206260681152344}], ""temp"": 529.4633140563965, ""venue"": ""R Premadasa Stadium, Colombo"", ""y_actual"": [95, 56, 83, 23, 32, 143], ""y_pred"": [40.72919845581055, 41.02544021606445, 41.02874755859375, 40.72919845581055, 41.02544021606445, 35.7978630065918]}"
SS Iyer,85ec8e33,India,Sri Lanka,2024-08-02,2024-08-02,"R Premadasa Stadium, Colombo",ODI,False,False,23,23,1,4,0,0,0,0,0,0,0,none,['AM Fernando'],['bowled'],0,0,0,0,23,4,0,0,0,0,0,0,0,0,0,0,True,23.0,100.0,0.0,0.0,0.0,"{""batting_first_original_score"": [29, 17, 10], ""batting_first_predicted_score"": [24.617414474487305, 24.424375534057617, 24.424375534057617, 24.617414474487305], ""ceil_value"": 83.73939329197387, ""chasing_first_original_score"": [29, 17, 10], ""chasing_first_predicted_score"": [19.804580688476562, 20.09827995300293, 19.39958381652832, 19.804580688476562], ""date_of_match"": ""2024-08-02 00:00:00"", ""doi"": 0.17564956349382496, ""economy"": [1.5446501970291138], ""fes"": 6, ""floor_value"": 3.87825376684966, ""mod_player_id"": [{""mod_id"": 6256, ""player_id"": ""8ee36b18""}, {""mod_id"": 6544, ""player_id"": ""9550470d""}, {""mod_id"": 4059, ""player_id"": ""5d1e7582""}, {""mod_id"": 6795, ""player_id"": ""9ab2914d""}, {""mod_id"": 5058, ""player_id"": ""732c038e""}, {""mod_id"": 5790, ""player_id"": ""84212ffb""}, {""mod_id"": 5069, ""player_id"": ""736123bb""}, {""mod_id"": 7449, ""player_id"": ""a97c8ec2""}, {""mod_id"": 3961, ""player_id"": ""5b16a806""}, {""mod_id"": 9017, ""player_id"": ""cdac5a3d""}, {""mod_id"": 9736, ""player_id"": ""de3d549a""}, {""mod_id"": 5091, ""player_id"": ""740742ef""}, {""mod_id"": 7941, ""player_id"": ""b4b99816""}, {""mod_id"": 8209, ""player_id"": ""ba607b88""}, {""mod_id"": 10576, ""player_id"": ""f19ccfad""}, {""mod_id"": 5865, ""player_id"": ""85ec8e33""}, {""mod_id"": 7816, ""player_id"": ""b17e2f24""}, {""mod_id"": 1992, ""player_id"": ""2e171977""}, {""mod_id"": 7242, ""player_id"": ""a4e37e47""}, {""mod_id"": 6175, ""player_id"": ""8d2c70ad""}, {""mod_id"": 2050, ""player_id"": ""2f49c897""}, {""mod_id"": 1539, ""player_id"": ""244048f6""}], ""pcb"": 0.9739235993474722, ""pfpp"": 48.1330285505815, ""points"": 0.09032729567690786, ""rank"": 16.0, ""risk"": 39, ""score"": 46.15789473684212, ""strike_rate"": [61.596923828125], ""team1"": [{""player_id"": 7941, ""y"": 50.61631393432617}, {""player_id"": 8209, ""y"": 50.49599075317383}, {""player_id"": 7816, ""y"": 48.20683288574219}, {""player_id"": 6175, ""y"": 48.078433990478516}, {""player_id"": 5865, ""y"": 47.824989318847656}, {""player_id"": 10576, ""y"": 47.770416259765625}, {""player_id"": 5091, ""y"": 47.641441345214844}, {""player_id"": 1539, ""y"": 47.47819519042969}, {""player_id"": 1992, ""y"": 47.12649917602539}, {""player_id"": 2050, ""y"": 47.12649917602539}, {""player_id"": 7242, ""y"": 47.09770202636719}], ""team2"": [{""player_id"": 7449, ""y"": 43.49631118774414}, {""player_id"": 6544, ""y"": 42.836883544921875}, {""player_id"": 6795, ""y"": 42.836883544921875}, {""player_id"": 6256, ""y"": 42.836883544921875}, {""player_id"": 5069, ""y"": 42.348960876464844}, {""player_id"": 5058, ""y"": 42.348960876464844}, {""player_id"": 5790, ""y"": 42.26103973388672}, {""player_id"": 9017, ""y"": 42.073219299316406}, {""player_id"": 4059, ""y"": 42.0610466003418}, {""player_id"": 3961, ""y"": 41.92970657348633}, {""player_id"": 9736, ""y"": 39.206260681152344}], ""temp"": 529.4633140563965, ""venue"": ""R Premadasa Stadium, Colombo"", ""y_actual"": [60, 15, 26, 14, 93, 7], ""y_pred"": [34.63776397705078, 34.753990173339844, 36.70146942138672, 35.12615966796875, 34.96260452270508, 35.6058235168457]}"
KL Rahul,b17e2f24,India,Sri Lanka,2024-08-02,2024-08-02,"R Premadasa Stadium, Colombo",ODI,False,False,31,43,1,2,0,0,0,0,0,0,0,none,['PWH de Silva'],['caught'],0,0,0,0,31,2,0,0,0,0,0,0,0,0,0,0,True,31.0,72.09302325581395,0.0,0.0,0.0,"{""batting_first_original_score"": [59, 91, 22], ""batting_first_predicted_score"": [49.881656646728516, 45.74608612060547, 46.87369155883789, 26.331308364868164], ""ceil_value"": 101.76853541204916, ""chasing_first_original_score"": [59, 91, 22], ""chasing_first_predicted_score"": [32.574928283691406, 35.91828155517578, 32.802833557128906, 19.954587936401367], ""date_of_match"": ""2024-08-02 00:00:00"", ""doi"": 0.17564956349382496, ""economy"": [1.2357885837554932], ""fes"": 6, ""floor_value"": 7.093634675927376, ""mod_player_id"": [{""mod_id"": 6256, ""player_id"": ""8ee36b18""}, {""mod_id"": 6544, ""player_id"": ""9550470d""}, {""mod_id"": 4059, ""player_id"": ""5d1e7582""}, {""mod_id"": 6795, ""player_id"": ""9ab2914d""}, {""mod_id"": 5058, ""player_id"": ""732c038e""}, {""mod_id"": 5790, ""player_id"": ""84212ffb""}, {""mod_id"": 5069, ""player_id"": ""736123bb""}, {""mod_id"": 7449, ""player_id"": ""a97c8ec2""}, {""mod_id"": 3961, ""player_id"": ""5b16a806""}, {""mod_id"": 9017, ""player_id"": ""cdac5a3d""}, {""mod_id"": 9736, ""player_id"": ""de3d549a""}, {""mod_id"": 5091, ""player_id"": ""740742ef""}, {""mod_id"": 7941, ""player_id"": ""b4b99816""}, {""mod_id"": 8209, ""player_id"": ""ba607b88""}, {""mod_id"": 10576, ""player_id"": ""f19ccfad""}, {""mod_id"": 5865, ""player_id"": ""85ec8e33""}, {""mod_id"": 7816, ""player_id"": ""b17e2f24""}, {""mod_id"": 1992, ""player_id"": ""2e171977""}, {""mod_id"": 7242, ""player_id"": ""a4e37e47""}, {""mod_id"": 6175, ""player_id"": ""8d2c70ad""}, {""mod_id"": 2050, ""player_id"": ""2f49c897""}, {""mod_id"": 1539, ""player_id"": ""244048f6""}], ""pcb"": 0.9739235993474722, ""pfpp"": 48.1330285505815, ""points"": 0.09104848552473528, ""rank"": 17.0, ""risk"": 47, ""score"": 33.292857142857144, ""strike_rate"": [63.2220458984375], ""team1"": [{""player_id"": 7941, ""y"": 50.61631393432617}, {""player_id"": 8209, ""y"": 50.49599075317383}, {""player_id"": 7816, ""y"": 48.20683288574219}, {""player_id"": 6175, ""y"": 48.078433990478516}, {""player_id"": 5865, ""y"": 47.824989318847656}, {""player_id"": 10576, ""y"": 47.770416259765625}, {""player_id"": 5091, ""y"": 47.641441345214844}, {""player_id"": 1539, ""y"": 47.47819519042969}, {""player_id"": 1992, ""y"": 47.12649917602539}, {""player_id"": 2050, ""y"": 47.12649917602539}, {""player_id"": 7242, ""y"": 47.09770202636719}], ""team2"": [{""player_id"": 7449, ""y"": 43.49631118774414}, {""player_id"": 6544, ""y"": 42.836883544921875}, {""player_id"": 6795, ""y"": 42.836883544921875}, {""player_id"": 6256, ""y"": 42.836883544921875}, {""player_id"": 5069, ""y"": 42.348960876464844}, {""player_id"": 5058, ""y"": 42.348960876464844}, {""player_id"": 5790, ""y"": 42.26103973388672}, {""player_id"": 9017, ""y"": 42.073219299316406}, {""player_id"": 4059, ""y"": 42.0610466003418}, {""player_id"": 3961, ""y"": 41.92970657348633}, {""player_id"": 9736, ""y"": 39.206260681152344}], ""temp"": 529.4633140563965, ""venue"": ""R Premadasa Stadium, Colombo"", ""y_actual"": [98, 49, 56, 32, 14, 74], ""y_pred"": [35.27742385864258, 34.638057708740234, 36.65171432495117, 35.10813903808594, 34.548362731933594, 34.985416412353516]}"
AR Patel,2e171977,India,Sri Lanka,2024-08-02,2024-08-02,"R Premadasa Stadium, Colombo",ODI,False,False,33,58,1,2,1,33,60,2,1,0,0,"S Samarawickrama, caught, J Liyanage, caught",['KIC Asalanka'],['caught'],0,0,0,0,33,2,1,2,0,0,0,0,0,0,0,0,True,33.0,56.896551724137936,16.5,30.0,3.3,"{""batting_first_original_score"": [99, 87, 33], ""batting_first_predicted_score"": [25.521224975585938, 25.169857025146484, 25.219078063964844, 25.521224975585938], ""ceil_value"": 85.18760677104527, ""chasing_first_original_score"": [99, 87, 33], ""chasing_first_predicted_score"": [19.74505043029785, 19.972728729248047, 19.373655319213867, 19.74505043029785], ""date_of_match"": ""2024-08-02 00:00:00"", ""doi"": 0.17564956349382496, ""economy"": [2.46274733543396], ""fes"": 6, ""floor_value"": 12.167025816814153, ""mod_player_id"": [{""mod_id"": 6256, ""player_id"": ""8ee36b18""}, {""mod_id"": 6544, ""player_id"": ""9550470d""}, {""mod_id"": 4059, ""player_id"": ""5d1e7582""}, {""mod_id"": 6795, ""player_id"": ""9ab2914d""}, {""mod_id"": 5058, ""player_id"": ""732c038e""}, {""mod_id"": 5790, ""player_id"": ""84212ffb""}, {""mod_id"": 5069, ""player_id"": ""736123bb""}, {""mod_id"": 7449, ""player_id"": ""a97c8ec2""}, {""mod_id"": 3961, ""player_id"": ""5b16a806""}, {""mod_id"": 9017, ""player_id"": ""cdac5a3d""}, {""mod_id"": 9736, ""player_id"": ""de3d549a""}, {""mod_id"": 5091, ""player_id"": ""740742ef""}, {""mod_id"": 7941, ""player_id"": ""b4b99816""}, {""mod_id"": 8209, ""player_id"": ""ba607b88""}, {""mod_id"": 10576, ""player_id"": ""f19ccfad""}, {""mod_id"": 5865, ""player_id"": ""85ec8e33""}, {""mod_id"": 7816, ""player_id"": ""b17e2f24""}, {""mod_id"": 1992, ""player_id"": ""2e171977""}, {""mod_id"": 7242, ""player_id"": ""a4e37e47""}, {""mod_id"": 6175, ""player_id"": ""8d2c70ad""}, {""mod_id"": 2050, ""player_id"": ""2f49c897""}, {""mod_id"": 1539, ""player_id"": ""244048f6""}], ""pcb"": 0.9739235993474722, ""pfpp"": 48.1330285505815, ""points"": 0.08900805386302109, ""rank"": 18.0, ""risk"": 36, ""score"": 50.199999999999996, ""strike_rate"": [56.33929443359375], ""team1"": [{""player_id"": 7941, ""y"": 50.61631393432617}, {""player_id"": 8209, ""y"": 50.49599075317383}, {""player_id"": 7816, ""y"": 48.20683288574219}, {""player_id"": 6175, ""y"": 48.078433990478516}, {""player_id"": 5865, ""y"": 47.824989318847656}, {""player_id"": 10576, ""y"": 47.770416259765625}, {""player_id"": 5091, ""y"": 47.641441345214844}, {""player_id"": 1539, ""y"": 47.47819519042969}, {""player_id"": 1992, ""y"": 47.12649917602539}, {""player_id"": 2050, ""y"": 47.12649917602539}, {""player_id"": 7242, ""y"": 47.09770202636719}], ""team2"": [{""player_id"": 7449, ""y"": 43.49631118774414}, {""player_id"": 6544, ""y"": 42.836883544921875}, {""player_id"": 6795, ""y"": 42.836883544921875}, {""player_id"": 6256, ""y"": 42.836883544921875}, {""player_id"": 5069, ""y"": 42.348960876464844}, {""player_id"": 5058, ""y"": 42.348960876464844}, {""player_id"": 5790, ""y"": 42.26103973388672}, {""player_id"": 9017, ""y"": 42.073219299316406}, {""player_id"": 4059, ""y"": 42.0610466003418}, {""player_id"": 3961, ""y"": 41.92970657348633}, {""player_id"": 9736, ""y"": 39.206260681152344}], ""temp"": 529.4633140563965, ""venue"": ""R Premadasa Stadium, Colombo"", ""y_actual"": [17, 31, 133, 83, 70, 48], ""y_pred"": [36.688236236572266, 35.95746994018555, 36.33563995361328, 36.82632064819336, 37.0457763671875, 37.626808166503906]}"
S Dube,a4e37e47,India,Sri Lanka,2024-08-02,2024-08-02,"R Premadasa Stadium, Colombo",ODI,False,False,25,24,1,1,2,19,27,1,0,0,0,"BKG Mendis, lbw",['KIC Asalanka'],['lbw'],0,0,0,0,0,0,0,1,25,1,2,0,0,0,0,0,True,25.0,104.16666666666669,19.0,27.0,4.222222222222222,"{""batting_first_original_score"": [57, 5, 10], ""batting_first_predicted_score"": [25.335397720336914, 24.938600540161133, 24.938600540161133, 25.335397720336914], ""ceil_value"": 68.05337980294945, ""chasing_first_original_score"": [57, 5, 10], ""chasing_first_predicted_score"": [19.925697326660156, 20.219396591186523, 19.520700454711914, 19.925697326660156], ""date_of_match"": ""2024-08-02 00:00:00"", ""doi"": 0.17564956349382496, ""economy"": [1.951748251914978], ""fes"": 6, ""floor_value"": 4.740737844109368, ""mod_player_id"": [{""mod_id"": 6256, ""player_id"": ""8ee36b18""}, {""mod_id"": 6544, ""player_id"": ""9550470d""}, {""mod_id"": 4059, ""player_id"": ""5d1e7582""}, {""mod_id"": 6795, ""player_id"": ""9ab2914d""}, {""mod_id"": 5058, ""player_id"": ""732c038e""}, {""mod_id"": 5790, ""player_id"": ""84212ffb""}, {""mod_id"": 5069, ""player_id"": ""736123bb""}, {""mod_id"": 7449, ""player_id"": ""a97c8ec2""}, {""mod_id"": 3961, ""player_id"": ""5b16a806""}, {""mod_id"": 9017, ""player_id"": ""cdac5a3d""}, {""mod_id"": 9736, ""player_id"": ""de3d549a""}, {""mod_id"": 5091, ""player_id"": ""740742ef""}, {""mod_id"": 7941, ""player_id"": ""b4b99816""}, {""mod_id"": 8209, ""player_id"": ""ba607b88""}, {""mod_id"": 10576, ""player_id"": ""f19ccfad""}, {""mod_id"": 5865, ""player_id"": ""85ec8e33""}, {""mod_id"": 7816, ""player_id"": ""b17e2f24""}, {""mod_id"": 1992, ""player_id"": ""2e171977""}, {""mod_id"": 7242, ""player_id"": ""a4e37e47""}, {""mod_id"": 6175, ""player_id"": ""8d2c70ad""}, {""mod_id"": 2050, ""player_id"": ""2f49c897""}, {""mod_id"": 1539, ""player_id"": ""244048f6""}], ""pcb"": 0.9739235993474722, ""pfpp"": 48.1330285505815, ""points"": 0.08895366454294228, ""rank"": 19.0, ""risk"": 31, ""score"": 37.17307692307692, ""strike_rate"": [61.58395767211914], ""team1"": [{""player_id"": 7941, ""y"": 50.61631393432617}, {""player_id"": 8209, ""y"": 50.49599075317383}, {""player_id"": 7816, ""y"": 48.20683288574219}, {""player_id"": 6175, ""y"": 48.078433990478516}, {""player_id"": 5865, ""y"": 47.824989318847656}, {""player_id"": 10576, ""y"": 47.770416259765625}, {""player_id"": 5091, ""y"": 47.641441345214844}, {""player_id"": 1539, ""y"": 47.47819519042969}, {""player_id"": 1992, ""y"": 47.12649917602539}, {""player_id"": 2050, ""y"": 47.12649917602539}, {""player_id"": 7242, ""y"": 47.09770202636719}], ""team2"": [{""player_id"": 7449, ""y"": 43.49631118774414}, {""player_id"": 6544, ""y"": 42.836883544921875}, {""player_id"": 6795, ""y"": 42.836883544921875}, {""player_id"": 6256, ""y"": 42.836883544921875}, {""player_id"": 5069, ""y"": 42.348960876464844}, {""player_id"": 5058, ""y"": 42.348960876464844}, {""player_id"": 5790, ""y"": 42.26103973388672}, {""player_id"": 9017, ""y"": 42.073219299316406}, {""player_id"": 4059, ""y"": 42.0610466003418}, {""player_id"": 3961, ""y"": 41.92970657348633}, {""player_id"": 9736, ""y"": 39.206260681152344}], ""temp"": 529.4633140563965, ""venue"": ""R Premadasa Stadium, Colombo"", ""y_actual"": [-2, 34, 12, 27, 107, 13], ""y_pred"": [34.83354568481445, 35.0236930847168, 35.121639251708984, 35.2651252746582, 35.62275314331055, 35.54025650024414]}"
Kuldeep Yadav,8d2c70ad,India,Sri Lanka,2024-08-02,2024-08-02,"R Premadasa Stadium, Colombo",ODI,False,False,2,10,1,0,0,33,60,1,0,0,0,"KIC Asalanka, caught",['PWH de Silva'],['bowled'],0,0,0,0,0,0,0,1,2,0,0,0,0,0,0,0,True,2.0,20.0,33.0,60.0,3.3,"{""batting_first_original_score"": [57, 27, 64], ""batting_first_predicted_score"": [24.83820343017578, 24.83820343017578, 46.70305252075195, 25.03124237060547], ""ceil_value"": 78.47222189897268, ""chasing_first_original_score"": [57, 27, 64], ""chasing_first_predicted_score"": [20.18454933166504, 19.48585319519043, 33.39557647705078, 19.890850067138672], ""date_of_match"": ""2024-08-02 00:00:00"", ""doi"": 0.17564956349382496, ""economy"": [3.0925519466400146], ""fes"": 6, ""floor_value"": 8.562260859648006, ""mod_player_id"": [{""mod_id"": 6256, ""player_id"": ""8ee36b18""}, {""mod_id"": 6544, ""player_id"": ""9550470d""}, {""mod_id"": 4059, ""player_id"": ""5d1e7582""}, {""mod_id"": 6795, ""player_id"": ""9ab2914d""}, {""mod_id"": 5058, ""player_id"": ""732c038e""}, {""mod_id"": 5790, ""player_id"": ""84212ffb""}, {""mod_id"": 5069, ""player_id"": ""736123bb""}, {""mod_id"": 7449, ""player_id"": ""a97c8ec2""}, {""mod_id"": 3961, ""player_id"": ""5b16a806""}, {""mod_id"": 9017, ""player_id"": ""cdac5a3d""}, {""mod_id"": 9736, ""player_id"": ""de3d549a""}, {""mod_id"": 5091, ""player_id"": ""740742ef""}, {""mod_id"": 7941, ""player_id"": ""b4b99816""}, {""mod_id"": 8209, ""player_id"": ""ba607b88""}, {""mod_id"": 10576, ""player_id"": ""f19ccfad""}, {""mod_id"": 5865, ""player_id"": ""85ec8e33""}, {""mod_id"": 7816, ""player_id"": ""b17e2f24""}, {""mod_id"": 1992, ""player_id"": ""2e171977""}, {""mod_id"": 7242, ""player_id"": ""a4e37e47""}, {""mod_id"": 6175, ""player_id"": ""8d2c70ad""}, {""mod_id"": 2050, ""player_id"": ""2f49c897""}, {""mod_id"": 1539, ""player_id"": ""244048f6""}], ""pcb"": 0.9739235993474722, ""pfpp"": 48.1330285505815, ""points"": 0.09080597789133579, ""rank"": 20.0, ""risk"": 34, ""score"": 37.9985401459854, ""strike_rate"": [46.82524108886719], ""team1"": [{""player_id"": 7941, ""y"": 50.61631393432617}, {""player_id"": 8209, ""y"": 50.49599075317383}, {""player_id"": 7816, ""y"": 48.20683288574219}, {""player_id"": 6175, ""y"": 48.078433990478516}, {""player_id"": 5865, ""y"": 47.824989318847656}, {""player_id"": 10576, ""y"": 47.770416259765625}, {""player_id"": 5091, ""y"": 47.641441345214844}, {""player_id"": 1539, ""y"": 47.47819519042969}, {""player_id"": 1992, ""y"": 47.12649917602539}, {""player_id"": 2050, ""y"": 47.12649917602539}, {""player_id"": 7242, ""y"": 47.09770202636719}], ""team2"": [{""player_id"": 7449, ""y"": 43.49631118774414}, {""player_id"": 6544, ""y"": 42.836883544921875}, {""player_id"": 6795, ""y"": 42.836883544921875}, {""player_id"": 6256, ""y"": 42.836883544921875}, {""player_id"": 5069, ""y"": 42.348960876464844}, {""player_id"": 5058, ""y"": 42.348960876464844}, {""player_id"": 5790, ""y"": 42.26103973388672}, {""player_id"": 9017, ""y"": 42.073219299316406}, {""player_id"": 4059, ""y"": 42.0610466003418}, {""player_id"": 3961, ""y"": 41.92970657348633}, {""player_id"": 9736, ""y"": 39.206260681152344}], ""temp"": 529.4633140563965, ""venue"": ""R Premadasa Stadium, Colombo"", ""y_actual"": [23, 48, 83, 58, 92, 12], ""y_pred"": [36.57128143310547, 36.710269927978516, 36.37820816040039, 36.80632400512695, 36.22585678100586, 36.4160041809082]}"
Mohammed Siraj,2f49c897,India,Sri Lanka,2024-08-02,2024-08-02,"R Premadasa Stadium, Colombo",ODI,False,False,5,12,0,0,0,36,49,1,0,0,0,"WIA Fernando, caught",[],[],0,0,0,1,0,0,0,0,5,0,0,0,0,0,0,2,True,5.0,41.66666666666667,36.0,49.0,4.408163265306122,"{""batting_first_original_score"": [36, 37, -4], ""batting_first_predicted_score"": [44.4867057800293, 45.878658294677734, 44.64849090576172, 25.521224975585938], ""ceil_value"": 72.02329290822681, ""chasing_first_original_score"": [36, 37, -4], ""chasing_first_predicted_score"": [33.17957305908203, 32.28515625, 32.065433502197266, 19.665895462036133], ""date_of_match"": ""2024-08-02 00:00:00"", ""doi"": 0.17564956349382496, ""economy"": [2.2621824741363525], ""fes"": 6, ""floor_value"": 7.230295608519597, ""mod_player_id"": [{""mod_id"": 6256, ""player_id"": ""8ee36b18""}, {""mod_id"": 6544, ""player_id"": ""9550470d""}, {""mod_id"": 4059, ""player_id"": ""5d1e7582""}, {""mod_id"": 6795, ""player_id"": ""9ab2914d""}, {""mod_id"": 5058, ""player_id"": ""732c038e""}, {""mod_id"": 5790, ""player_id"": ""84212ffb""}, {""mod_id"": 5069, ""player_id"": ""736123bb""}, {""mod_id"": 7449, ""player_id"": ""a97c8ec2""}, {""mod_id"": 3961, ""player_id"": ""5b16a806""}, {""mod_id"": 9017, ""player_id"": ""cdac5a3d""}, {""mod_id"": 9736, ""player_id"": ""de3d549a""}, {""mod_id"": 5091, ""player_id"": ""740742ef""}, {""mod_id"": 7941, ""player_id"": ""b4b99816""}, {""mod_id"": 8209, ""player_id"": ""ba607b88""}, {""mod_id"": 10576, ""player_id"": ""f19ccfad""}, {""mod_id"": 5865, ""player_id"": ""85ec8e33""}, {""mod_id"": 7816, ""player_id"": ""b17e2f24""}, {""mod_id"": 1992, ""player_id"": ""2e171977""}, {""mod_id"": 7242, ""player_id"": ""a4e37e47""}, {""mod_id"": 6175, ""player_id"": ""8d2c70ad""}, {""mod_id"": 2050, ""player_id"": ""2f49c897""}, {""mod_id"": 1539, ""player_id"": ""244048f6""}], ""pcb"": 0.9739235993474722, ""pfpp"": 48.1330285505815, ""points"": 0.08900805386302109, ""rank"": 21.0, ""risk"": 32, ""score"": 29.983552631578945, ""strike_rate"": [56.33929443359375], ""team1"": [{""player_id"": 7941, ""y"": 50.61631393432617}, {""player_id"": 8209, ""y"": 50.49599075317383}, {""player_id"": 7816, ""y"": 48.20683288574219}, {""player_id"": 6175, ""y"": 48.078433990478516}, {""player_id"": 5865, ""y"": 47.824989318847656}, {""player_id"": 10576, ""y"": 47.770416259765625}, {""player_id"": 5091, ""y"": 47.641441345214844}, {""player_id"": 1539, ""y"": 47.47819519042969}, {""player_id"": 1992, ""y"": 47.12649917602539}, {""player_id"": 2050, ""y"": 47.12649917602539}, {""player_id"": 7242, ""y"": 47.09770202636719}], ""team2"": [{""player_id"": 7449, ""y"": 43.49631118774414}, {""player_id"": 6544, ""y"": 42.836883544921875}, {""player_id"": 6795, ""y"": 42.836883544921875}, {""player_id"": 6256, ""y"": 42.836883544921875}, {""player_id"": 5069, ""y"": 42.348960876464844}, {""player_id"": 5058, ""y"": 42.348960876464844}, {""player_id"": 5790, ""y"": 42.26103973388672}, {""player_id"": 9017, ""y"": 42.073219299316406}, {""player_id"": 4059, ""y"": 42.0610466003418}, {""player_id"": 3961, ""y"": 41.92970657348633}, {""player_id"": 9736, ""y"": 39.206260681152344}], ""temp"": 529.4633140563965, ""venue"": ""R Premadasa Stadium, Colombo"", ""y_actual"": [38, 13, 50, 32, 4, 4], ""y_pred"": [36.82014083862305, 37.82123947143555, 36.349605560302734, 37.0457763671875, 37.626808166503906, 37.0674934387207]}"
Arshdeep Singh,244048f6,India,Sri Lanka,2024-08-02,2024-08-02,"R Premadasa Stadium, Colombo",ODI,False,False,0,1,1,0,0,47,50,2,1,0,0,"PWH de Silva, caught, A Dananjaya, caught",['KIC Asalanka'],['lbw'],0,0,0,0,0,0,0,0,0,0,0,2,0,0,0,0,True,0.0,0.0,23.5,25.0,5.64,"{""batting_first_original_score"": [53, 92, 33], ""batting_first_predicted_score"": [25.440608978271484, 18.498937606811523, 19.020036697387695, 25.791976928710938], ""ceil_value"": 74.46038910509247, ""chasing_first_original_score"": [53, 92, 33], ""chasing_first_predicted_score"": [19.719694137573242, 15.463196754455566, 15.623190879821777, 19.492015838623047], ""date_of_match"": ""2024-08-02 00:00:00"", ""doi"": 0.17564956349382496, ""economy"": [3.1603846549987793], ""fes"": 6, ""floor_value"": 9.76477645782142, ""mod_player_id"": [{""mod_id"": 6256, ""player_id"": ""8ee36b18""}, {""mod_id"": 6544, ""player_id"": ""9550470d""}, {""mod_id"": 4059, ""player_id"": ""5d1e7582""}, {""mod_id"": 6795, ""player_id"": ""9ab2914d""}, {""mod_id"": 5058, ""player_id"": ""732c038e""}, {""mod_id"": 5790, ""player_id"": ""84212ffb""}, {""mod_id"": 5069, ""player_id"": ""736123bb""}, {""mod_id"": 7449, ""player_id"": ""a97c8ec2""}, {""mod_id"": 3961, ""player_id"": ""5b16a806""}, {""mod_id"": 9017, ""player_id"": ""cdac5a3d""}, {""mod_id"": 9736, ""player_id"": ""de3d549a""}, {""mod_id"": 5091, ""player_id"": ""740742ef""}, {""mod_id"": 7941, ""player_id"": ""b4b99816""}, {""mod_id"": 8209, ""player_id"": ""ba607b88""}, {""mod_id"": 10576, ""player_id"": ""f19ccfad""}, {""mod_id"": 5865, ""player_id"": ""85ec8e33""}, {""mod_id"": 7816, ""player_id"": ""b17e2f24""}, {""mod_id"": 1992, ""player_id"": ""2e171977""}, {""mod_id"": 7242, ""player_id"": ""a4e37e47""}, {""mod_id"": 6175, ""player_id"": ""8d2c70ad""}, {""mod_id"": 2050, ""player_id"": ""2f49c897""}, {""mod_id"": 1539, ""player_id"": ""244048f6""}], ""pcb"": 0.9739235993474722, ""pfpp"": 48.1330285505815, ""points"": 0.0896723038782107, ""rank"": 22.0, ""risk"": 32, ""score"": 50.5, ""strike_rate"": [59.5581169128418], ""team1"": [{""player_id"": 7941, ""y"": 50.61631393432617}, {""player_id"": 8209, ""y"": 50.49599075317383}, {""player_id"": 7816, ""y"": 48.20683288574219}, {""player_id"": 6175, ""y"": 48.078433990478516}, {""player_id"": 5865, ""y"": 47.824989318847656}, {""player_id"": 10576, ""y"": 47.770416259765625}, {""player_id"": 5091, ""y"": 47.641441345214844}, {""player_id"": 1539, ""y"": 47.47819519042969}, {""player_id"": 1992, ""y"": 47.12649917602539}, {""player_id"": 2050, ""y"": 47.12649917602539}, {""player_id"": 7242, ""y"": 47.09770202636719}], ""team2"": [{""player_id"": 7449, ""y"": 43.49631118774414}, {""player_id"": 6544, ""y"": 42.836883544921875}, {""player_id"": 6795, ""y"": 42.836883544921875}, {""player_id"": 6256, ""y"": 42.836883544921875}, {""player_id"": 5069, ""y"": 42.348960876464844}, {""player_id"": 5058, ""y"": 42.348960876464844}, {""player_id"": 5790, ""y"": 42.26103973388672}, {""player_id"": 9017, ""y"": 42.073219299316406}, {""player_id"": 4059, ""y"": 42.0610466003418}, {""player_id"": 3961, ""y"": 41.92970657348633}, {""player_id"": 9736, ""y"": 39.206260681152344}], ""temp"": 529.4633140563965, ""venue"": ""R Premadasa Stadium, Colombo"", ""y_actual"": [56, 77, 7, 52, 51, 48], ""y_pred"": [36.69623947143555, 37.299137115478516, 36.48712921142578, 36.83432388305664, 37.05377960205078, 37.63481140136719]}"
